,20,40,60,80,100
1000.0,,,,,
999.0,,,,,1.96311797105e-05
998.0,,,,,1.96421864834e-05
997.0,,,,,1.96531991964e-05
996.0,,,,,1.96642178167e-05
995.0,,,,,1.96752423128e-05
994.0,,,,,1.9686272648e-05
993.0,,,,,1.96973087901e-05
992.0,,,,,1.97083506934e-05
991.0,,,,,1.97193983311e-05
990.0,,,,,1.97304516643e-05
989.0,,,,,1.97415106512e-05
988.0,,,,,1.9752575257e-05
987.0,,,,,1.97636454473e-05
986.0,,,,,1.97747211769e-05
985.0,,,,,1.97858024123e-05
984.0,,,,,1.97968891121e-05
983.0,,,,,1.98079812374e-05
982.0,,,,,1.98190787488e-05
981.0,,,,,1.9830181601e-05
980.0,,,,,1.98412897646e-05
979.0,,,,,1.98524031785e-05
978.0,,,,,1.9863521826e-05
977.0,,,,,1.98746456452e-05
976.0,,,,,1.98857746046e-05
975.0,,,,,1.98969086545e-05
974.0,,,,,1.99080477568e-05
973.0,,,,,1.9919191863e-05
972.0,,,,,1.99303409327e-05
971.0,,,,,1.99414949179e-05
970.0,,,,,1.9952653779e-05
969.0,,,,,1.99638174625e-05
968.0,,,,,1.99749859292e-05
967.0,,,,,1.99861591233e-05
966.0,,,,,1.9997337011e-05
965.0,,,,,2.00085195336e-05
964.0,,,,,2.00197066482e-05
963.0,,,,,2.00308983071e-05
962.0,,,,,2.00420944545e-05
961.0,,,,,2.00532950497e-05
960.0,,,,,2.00645000354e-05
959.0,,,,,2.0075709363e-05
958.0,,,,,2.0086922989e-05
957.0,,,,,2.00981408594e-05
956.0,,,,,2.01093629125e-05
955.0,,,,,2.01205891013e-05
954.0,,,,,2.01318193784e-05
953.0,,,,,2.01430536848e-05
952.0,,,,,2.01542919631e-05
951.0,,,,,2.01655341725e-05
950.0,,,,,2.0176780233e-05
949.0,,,,1.90822055476e-05,2.01880301195e-05
948.0,,,,1.90911236934e-05,2.01992837533e-05
947.0,,,,1.91000375207e-05,2.0210541089e-05
946.0,,,,1.91089469342e-05,2.02218020589e-05
945.0,,,,1.91178518351e-05,2.02330666121e-05
944.0,,,,1.91267521323e-05,2.02443346942e-05
943.0,,,,1.91356477336e-05,2.02556062397e-05
942.0,,,,1.9144538539e-05,2.02668811903e-05
941.0,,,,1.9153424456e-05,2.0278159483e-05
940.0,,,,1.91623053798e-05,2.0289441071e-05
939.0,,,,1.91711812264e-05,2.03007258717e-05
938.0,,,,1.91800518783e-05,2.03120138355e-05
937.0,,,,1.91889172508e-05,2.03233049051e-05
936.0,,,,1.91977772306e-05,2.03345990079e-05
935.0,,,,1.92066317217e-05,2.03458960816e-05
934.0,,,,1.9215480631e-05,2.03571960638e-05
933.0,,,,1.9224323837e-05,2.03684988881e-05
932.0,,,,1.92331612523e-05,2.03798044921e-05
931.0,,,,1.92419927596e-05,2.03911128045e-05
930.0,,,,1.92508182631e-05,2.04024237638e-05
929.0,,,,1.92596376496e-05,2.04137372978e-05
928.0,,,,1.92684508175e-05,2.04250533388e-05
927.0,,,,1.92772576534e-05,2.04363718287e-05
926.0,,,,1.92860580504e-05,2.0447692683e-05
925.0,,,,1.92948519001e-05,2.04590158375e-05
924.0,,,,1.9303639094e-05,2.0470341224e-05
923.0,,,,1.93124195115e-05,2.04816687636e-05
922.0,,,,1.93211930457e-05,2.04929983972e-05
921.0,,,,1.93299595882e-05,2.05043300372e-05
920.0,,,,1.93387190137e-05,2.05156636261e-05
919.0,,,,1.9347471217e-05,2.05269990731e-05
918.0,,,,1.93562160746e-05,2.0538336315e-05
917.0,,,,1.93649534713e-05,2.05496752757e-05
916.0,,,,1.93736832957e-05,2.05610158694e-05
915.0,,,,1.93824054225e-05,2.05723580296e-05
914.0,,,,1.93911197304e-05,2.05837016744e-05
913.0,,,,1.93998261075e-05,2.05950467224e-05
912.0,,,,1.94085244227e-05,2.06063931e-05
911.0,,,,1.94172145574e-05,2.06177407282e-05
910.0,,,,1.94258963826e-05,2.06290895163e-05
909.0,,,,1.94345697809e-05,2.0640439386e-05
908.0,,,,1.94432346261e-05,2.06517902671e-05
907.0,,,,1.94518907891e-05,2.06631420693e-05
906.0,,,,1.94605381396e-05,2.06744947027e-05
905.0,,,,1.94691765543e-05,2.06858480867e-05
904.0,,,,1.94778059034e-05,2.06972021456e-05
903.0,,,,1.94864260514e-05,2.07085567772e-05
902.0,,,,1.94950368664e-05,2.07199119062e-05
901.0,,,,1.95036382222e-05,2.07312674352e-05
900.0,,,,1.95122299864e-05,2.07426232893e-05
899.0,,,,1.9520812016e-05,2.07539793599e-05
898.0,,,,1.95293841782e-05,2.07653355767e-05
897.0,,,,1.95379463292e-05,2.07766918477e-05
896.0,,,,1.95464983473e-05,2.07880480607e-05
895.0,,,,1.9555040081e-05,2.07994041384e-05
894.0,,,,1.95635713934e-05,2.0810759991e-05
893.0,,,,1.95720921395e-05,2.08221155089e-05
892.0,,,,1.95806021872e-05,2.08334706136e-05
891.0,,,,1.95891013834e-05,2.08448251989e-05
890.0,,,,1.9597589584e-05,2.08561791695e-05
889.0,,,1.817704923e-05,1.96060666509e-05,2.08675324288e-05
888.0,,,1.81822097434e-05,1.96145324271e-05,2.0878884875e-05
887.0,,,1.81873471977e-05,1.96229867655e-05,2.08902364083e-05
886.0,,,1.81924613971e-05,1.96314295264e-05,2.09015869342e-05
885.0,,,1.81975521365e-05,1.96398605507e-05,2.09129363519e-05
884.0,,,1.82026192197e-05,1.96482796873e-05,2.0924284546e-05
883.0,,,1.82076624411e-05,1.96566867889e-05,2.09356314229e-05
882.0,,,1.82126816002e-05,1.96650816906e-05,2.09469768817e-05
881.0,,,1.82176764917e-05,1.96734642504e-05,2.09583208049e-05
880.0,,,1.82226469121e-05,1.96818343071e-05,2.09696630931e-05
879.0,,,1.82275926517e-05,1.96901917021e-05,2.09810036454e-05
878.0,,,1.82325134995e-05,1.96985362744e-05,2.09923423438e-05
877.0,,,1.82374092453e-05,1.97068678615e-05,2.10036790791e-05
876.0,,,1.82422796851e-05,1.97151863149e-05,2.101501375e-05
875.0,,,1.82471245959e-05,1.97234914522e-05,2.10263462353e-05
874.0,,,1.82519437701e-05,1.97317831284e-05,2.10376764278e-05
873.0,,,1.82567369868e-05,1.97400611633e-05,2.1049004216e-05
872.0,,,1.82615040289e-05,1.97483254019e-05,2.10603294779e-05
871.0,,,1.82662446785e-05,1.97565756692e-05,2.1071652107e-05
870.0,,,1.82709587154e-05,1.97648117995e-05,2.10829719792e-05
869.0,,,1.82756459173e-05,1.97730336222e-05,2.10942889821e-05
868.0,,,1.82803060616e-05,1.97812409647e-05,2.11056030021e-05
867.0,,,1.82849389204e-05,1.97894336503e-05,2.11169139059e-05
866.0,,,1.82895442673e-05,1.97976115075e-05,2.11282215806e-05
865.0,,,1.82941218767e-05,1.98057743601e-05,2.11395259089e-05
864.0,,,1.82986715154e-05,1.98139220352e-05,2.11508267581e-05
863.0,,,1.83031929571e-05,1.98220543476e-05,2.11621240084e-05
862.0,,,1.83076859601e-05,1.98301711192e-05,2.11734175391e-05
861.0,,,1.83121502994e-05,1.98382721677e-05,2.11847072185e-05
860.0,,,1.83165857308e-05,1.98463573114e-05,2.11959929212e-05
859.0,,,1.83209920223e-05,1.9854426369e-05,2.1207274519e-05
858.0,,,1.83253689296e-05,1.98624791468e-05,2.12185518808e-05
857.0,,,1.83297162165e-05,1.98705154652e-05,2.12298248739e-05
856.0,,,1.83340336383e-05,1.98785351327e-05,2.12410933634e-05
855.0,,,1.833832095e-05,1.98865379584e-05,2.12523572312e-05
854.0,,,1.83425779052e-05,1.98945237532e-05,2.12636163311e-05
853.0,,,1.83468042553e-05,1.99024923193e-05,2.12748705238e-05
852.0,,,1.83509997545e-05,1.9910443465e-05,2.12861196806e-05
851.0,,,1.83551641476e-05,1.99183769964e-05,2.12973636627e-05
850.0,,,1.8359297183e-05,1.99262927115e-05,2.13086023181e-05
849.0,,,1.8363398609e-05,1.99341904074e-05,2.13198355262e-05
848.0,,,1.83674681667e-05,1.99420698933e-05,2.1331063132e-05
847.0,,,1.83715055968e-05,1.99499309595e-05,2.13422849966e-05
846.0,,,1.83755106421e-05,1.99577734075e-05,2.13535009693e-05
845.0,,,1.837948304e-05,1.99655970276e-05,2.13647109157e-05
844.0,,,1.83834225283e-05,1.99734016125e-05,2.13759146786e-05
843.0,,,1.83873288389e-05,1.99811869567e-05,2.13871121148e-05
842.0,,,1.83912017055e-05,1.99889528454e-05,2.13983030753e-05
841.0,,,1.83950408622e-05,1.9996699068e-05,2.14094874032e-05
840.0,,,1.83988460354e-05,2.00044254118e-05,2.14206649465e-05
839.0,,,1.84026169518e-05,2.00121316615e-05,2.14318355625e-05
838.0,,,1.84063533448e-05,2.00198175962e-05,2.1442999081e-05
837.0,,,1.84100549276e-05,2.00274830027e-05,2.14541553564e-05
836.0,,,1.84137214308e-05,2.00351276578e-05,2.1465304229e-05
835.0,,,1.84173525673e-05,2.0042751339e-05,2.14764455327e-05
834.0,,,1.84209480581e-05,2.00503538226e-05,2.14875791127e-05
833.0,,,1.84245076241e-05,2.00579348851e-05,2.14987048011e-05
832.0,,,1.84280309717e-05,2.00654942937e-05,2.15098224454e-05
831.0,,,1.84315178233e-05,2.00730318227e-05,2.15209318668e-05
830.0,,,1.84349678764e-05,2.00805472387e-05,2.15320329086e-05
829.0,,,1.84383808482e-05,2.00880403176e-05,2.15431253968e-05
828.0,,,1.84417564476e-05,2.0095510813e-05,2.15542091665e-05
827.0,,,1.84450943737e-05,2.01029584939e-05,2.15652840438e-05
826.0,,,1.8448394328e-05,2.01103831214e-05,2.15763498542e-05
825.0,,,1.84516560168e-05,2.01177844579e-05,2.15874064268e-05
824.0,,,1.84548791321e-05,2.01251622579e-05,2.15984535866e-05
823.0,,,1.84580633764e-05,2.01325162756e-05,2.16094911529e-05
822.0,,,1.84612084414e-05,2.01398462674e-05,2.16205189441e-05
821.0,,,1.84643140177e-05,2.01471519882e-05,2.16315367866e-05
820.0,,,1.84673797997e-05,2.01544331878e-05,2.16425444977e-05
819.0,,,1.84704054722e-05,2.01616896111e-05,2.16535418892e-05
818.0,,,1.84733907226e-05,2.01689210062e-05,2.16645287756e-05
817.0,,,1.84763352381e-05,2.01761271168e-05,2.16755049747e-05
816.0,,,1.8479238693e-05,2.01833076901e-05,2.16864702942e-05
815.0,,,1.84821007755e-05,2.01904624544e-05,2.16974245478e-05
814.0,,,1.84849211575e-05,2.01975911645e-05,2.17083675348e-05
813.0,,1.65226863134e-05,1.84876995174e-05,2.02046935445e-05,2.1719299073e-05
812.0,,1.65206283863e-05,1.84904355274e-05,2.02117693351e-05,2.17302189525e-05
811.0,,1.65185127537e-05,1.84931288591e-05,2.02188182634e-05,2.17411269904e-05
810.0,,1.65163390505e-05,1.84957791811e-05,2.02258400637e-05,2.17520229788e-05
809.0,,1.65141069082e-05,1.84983861566e-05,2.02328344617e-05,2.17629067243e-05
808.0,,1.65118159652e-05,1.85009494577e-05,2.02398011845e-05,2.17737780119e-05
807.0,,1.65094658535e-05,1.85034687418e-05,2.0246739961e-05,2.1784636656e-05
806.0,,1.65070562003e-05,1.85059436698e-05,2.02536505046e-05,2.17954824291e-05
805.0,,1.65045866343e-05,1.85083739004e-05,2.0260532534e-05,2.1806315142e-05
804.0,,1.65020567812e-05,1.85107590821e-05,2.02673857769e-05,2.18171345663e-05
803.0,,1.64994662652e-05,1.85130988793e-05,2.02742099378e-05,2.18279405131e-05
802.0,,1.64968147085e-05,1.85153929355e-05,2.02810047359e-05,2.18387327488e-05
801.0,,1.64941017292e-05,1.85176409009e-05,2.02877698816e-05,2.18495110674e-05
800.0,,1.64913269464e-05,1.8519842423e-05,2.02945050782e-05,2.18602752466e-05
799.0,,1.64884899785e-05,1.8521997146e-05,2.03012100389e-05,2.18710250742e-05
798.0,,1.64855904351e-05,1.8524104706e-05,2.03078844633e-05,2.18817603211e-05
797.0,,1.64826279315e-05,1.85261647459e-05,2.03145280537e-05,2.18924807718e-05
796.0,,1.64796020775e-05,1.85281769074e-05,2.03211405096e-05,2.19031861965e-05
795.0,,1.64765124814e-05,1.85301408154e-05,2.03277215255e-05,2.1913876366e-05
794.0,,1.6473358749e-05,1.85320561074e-05,2.03342708007e-05,2.19245510556e-05
793.0,,1.64701404837e-05,1.85339224115e-05,2.03407880289e-05,2.19352100319e-05
792.0,,1.64668572906e-05,1.8535739352e-05,2.03472728935e-05,2.19458530661e-05
791.0,,1.64635087649e-05,1.85375065613e-05,2.03537250854e-05,2.19564799109e-05
790.0,,1.64600945088e-05,1.85392236548e-05,2.036014429e-05,2.19670903407e-05
789.0,,1.6456614121e-05,1.8540890252e-05,2.0366530188e-05,2.19776841124e-05
788.0,,1.645306719e-05,1.85425059756e-05,2.03728824628e-05,2.19882609863e-05
787.0,,1.64494533105e-05,1.85440704297e-05,2.03792007861e-05,2.19988207154e-05
786.0,,1.64457720725e-05,1.85455832373e-05,2.03854848406e-05,2.20093630533e-05
785.0,,1.64420230628e-05,1.85470440034e-05,2.03917342949e-05,2.20198877592e-05
784.0,,1.64382058726e-05,1.8548452334e-05,2.03979488184e-05,2.20303945687e-05
783.0,,1.64343200806e-05,1.85498078324e-05,2.04041280854e-05,2.20408832402e-05
782.0,,1.64303652728e-05,1.85511101028e-05,2.04102717474e-05,2.20513535168e-05
781.0,,1.64263410284e-05,1.8552358743e-05,2.04163794804e-05,2.20618051459e-05
780.0,,1.64222469214e-05,1.85535533532e-05,2.04224509382e-05,2.2072237861e-05
779.0,,1.64180825343e-05,1.85546935229e-05,2.04284857789e-05,2.20826514052e-05
778.0,,1.6413847438e-05,1.8555778844e-05,2.04344836541e-05,2.20930455064e-05
777.0,,1.64095412045e-05,1.85568089083e-05,2.04404442237e-05,2.21034199147e-05
776.0,,1.64051634054e-05,1.85577832958e-05,2.04463671286e-05,2.21137743461e-05
775.0,,1.64007136052e-05,1.85587015927e-05,2.04522520204e-05,2.21241085311e-05
774.0,,1.63961913717e-05,1.85595633827e-05,2.04580985387e-05,2.21344222106e-05
773.0,,1.63915962696e-05,1.85603682405e-05,2.04639063294e-05,2.21447150943e-05
772.0,,1.6386927861e-05,1.85611157412e-05,2.04696750257e-05,2.21549869053e-05
771.0,,1.63821857036e-05,1.85618054561e-05,2.0475404271e-05,2.216523737e-05
770.0,,1.6377369357e-05,1.8562436958e-05,2.04810936877e-05,2.21754662024e-05
769.0,,1.63724783776e-05,1.85630098105e-05,2.04867429096e-05,2.21856731182e-05
768.0,,1.63675123166e-05,1.85635235774e-05,2.0492351567e-05,2.21958578269e-05
767.0,,1.63624707274e-05,1.85639778238e-05,2.04979192824e-05,2.22060200354e-05
766.0,,1.63573531561e-05,1.85643721043e-05,2.05034456763e-05,2.2216159461e-05
765.0,,1.63521591546e-05,1.85647059735e-05,2.05089303649e-05,2.22262757978e-05
764.0,,1.63468882687e-05,1.85649789881e-05,2.0514372966e-05,2.22363687489e-05
763.0,,1.63415400376e-05,1.85651906963e-05,2.05197730916e-05,2.22464380202e-05
762.0,,1.63361140038e-05,1.85653406442e-05,2.05251303547e-05,2.22564832991e-05
761.0,,1.63306097108e-05,1.85654283748e-05,2.05304443536e-05,2.22665042859e-05
760.0,,1.63250266904e-05,1.85654534327e-05,2.05357147008e-05,2.22765006665e-05
759.0,,1.63243399935e-05,1.85654153538e-05,2.05409409908e-05,2.22864721388e-05
758.0,,1.63231387901e-05,1.85653136709e-05,2.05461228198e-05,2.22964183734e-05
757.0,,1.63218548016e-05,1.85651479206e-05,2.05512597931e-05,2.2306339068e-05
756.0,,1.63204874415e-05,1.85649176303e-05,2.05563514844e-05,2.23162338929e-05
755.0,,1.63190361244e-05,1.85646223277e-05,2.05613974964e-05,2.23261025308e-05
754.0,,1.6317500254e-05,1.85642615352e-05,2.05663974063e-05,2.23359446504e-05
753.0,,1.63158792324e-05,1.85638347715e-05,2.05713507978e-05,2.23457599294e-05
752.0,,1.63141724626e-05,1.85633415567e-05,2.05762572508e-05,2.23555480322e-05
751.0,,1.63123793421e-05,1.85627814034e-05,2.05811163357e-05,2.23653086273e-05
750.0,,1.63104992605e-05,1.85621538222e-05,2.05859276329e-05,2.23750413768e-05
749.0,,1.63085316066e-05,1.85614583239e-05,2.05906907009e-05,2.23847459409e-05
748.0,,1.63064757708e-05,1.85606944127e-05,2.05954051133e-05,2.2394421975e-05
747.0,,1.6304331134e-05,1.85598615875e-05,2.06000704304e-05,2.24040691324e-05
746.0,,1.63020970751e-05,1.85589593506e-05,2.06046862081e-05,2.24136870652e-05
745.0,,1.62997729683e-05,1.8557987194e-05,2.06092520048e-05,2.24232754219e-05
744.0,,1.6297358186e-05,1.85569446179e-05,2.06137673696e-05,2.24328338471e-05
743.0,,1.62948520958e-05,1.85558311046e-05,2.06182318536e-05,2.24423619802e-05
742.0,,1.62922540625e-05,1.85546461447e-05,2.06226449993e-05,2.24518594603e-05
741.0,,1.62895634485e-05,1.85533892154e-05,2.06270063564e-05,2.24613259292e-05
740.0,,1.62867796091e-05,1.85520598049e-05,2.06313154514e-05,2.24707610059e-05
739.0,,1.62839019014e-05,1.85506573829e-05,2.06355718246e-05,2.24801643274e-05
738.0,,1.62809296732e-05,1.85491814256e-05,2.06397750097e-05,2.24895355252e-05
737.0,,1.62778622698e-05,1.85476314057e-05,2.064392453e-05,2.24988742048e-05
736.0,,1.6274699037e-05,1.8546006786e-05,2.06480199097e-05,2.25081800009e-05
735.0,,1.62714393118e-05,1.85443070316e-05,2.0652060671e-05,2.25174525218e-05
734.0,,1.62680824322e-05,1.85425316069e-05,2.06560463322e-05,2.25266913803e-05
733.0,,1.6264627729e-05,1.85406799628e-05,2.06599764067e-05,2.25358961891e-05
732.0,,1.62610745312e-05,1.8538751557e-05,2.06638503976e-05,2.25450665473e-05
731.0,,1.62574221618e-05,1.85367458391e-05,2.06676678132e-05,2.25542020614e-05
730.0,,1.62536699414e-05,1.85346622568e-05,2.06714281618e-05,2.25633023274e-05
729.0,,1.62498171888e-05,1.8532500256e-05,2.06751309329e-05,2.25723669429e-05
728.0,,1.62458632209e-05,1.85302592713e-05,2.06787756286e-05,2.25813954969e-05
727.0,,1.62418073428e-05,1.85279387479e-05,2.06823617327e-05,2.25903875788e-05
726.0,,1.62376488631e-05,1.85255381136e-05,2.06858887338e-05,2.25993427739e-05
725.0,,1.62333870825e-05,1.85230567997e-05,2.06893561183e-05,2.2608260662e-05
724.0,,1.62290213029e-05,1.85204942355e-05,2.06927633603e-05,2.26171408149e-05
723.0,,1.6224550817e-05,1.85178498441e-05,2.06961099375e-05,2.26259828118e-05
722.0,,1.62199749184e-05,1.85151230444e-05,2.06993953237e-05,2.26347862203e-05
721.0,,1.62152928924e-05,1.85123132559e-05,2.07026189815e-05,2.26435506092e-05
720.0,,1.62105040249e-05,1.850941989e-05,2.07057803756e-05,2.26522755376e-05
719.0,,1.62056075985e-05,1.85064423556e-05,2.07088789652e-05,2.26609605584e-05
718.0,,1.62006028848e-05,1.85033800616e-05,2.07119142013e-05,2.26696052328e-05
717.0,,1.61954891615e-05,1.850023241e-05,2.07148855427e-05,2.26782091158e-05
716.0,,1.61902656962e-05,1.84969987983e-05,2.07177924315e-05,2.26867717381e-05
715.0,,1.61849317539e-05,1.8493678627e-05,2.07206343123e-05,2.26952926579e-05
714.0,,1.61794865965e-05,1.84902712849e-05,2.07234106222e-05,2.27037714046e-05
713.0,,1.61739294858e-05,1.84867761629e-05,2.07261207937e-05,2.27122075166e-05
712.0,,1.61682596723e-05,1.8483192644e-05,2.0728764258e-05,2.27206005222e-05
711.0,,1.61624764071e-05,1.84795201113e-05,2.07313404436e-05,2.27289499513e-05
710.0,,1.61565789409e-05,1.84757579441e-05,2.07338487691e-05,2.27372553223e-05
709.0,,1.61505665127e-05,1.84719055171e-05,2.07362886537e-05,2.27455161499e-05
708.0,,1.61444383674e-05,1.84679622015e-05,2.07386595094e-05,2.27537319581e-05
707.0,,1.61381937383e-05,1.84639273649e-05,2.07409607472e-05,2.27619022462e-05
706.0,,1.61318318567e-05,1.84598003684e-05,2.07431917659e-05,2.27700265261e-05
705.0,,1.6125351954e-05,1.84555805781e-05,2.07453519705e-05,2.27781042948e-05
704.0,,1.6118753255e-05,1.84512673443e-05,2.0747440752e-05,2.27861350522e-05
703.0,,1.61120349805e-05,1.84468600267e-05,2.07494575049e-05,2.27941182891e-05
702.0,1.33889732658e-05,1.61051963491e-05,1.84423579702e-05,2.07514016117e-05,2.28020534929e-05
701.0,1.33744763435e-05,1.60982365753e-05,1.84418056996e-05,2.07532724601e-05,2.28099401476e-05
700.0,1.33598473596e-05,1.60911548709e-05,1.84424417086e-05,2.07550694241e-05,2.28177777312e-05
699.0,1.33450857303e-05,1.60839504412e-05,1.84429792566e-05,2.07567918692e-05,2.28255657181e-05
698.0,1.33301908731e-05,1.60766224903e-05,1.84434175393e-05,2.07584391777e-05,2.28333035805e-05
697.0,1.33151622032e-05,1.6069170221e-05,1.84437557485e-05,2.07600107023e-05,2.28409907779e-05
696.0,1.32999991413e-05,1.60615928241e-05,1.84439930634e-05,2.07615058054e-05,2.28486267803e-05
695.0,1.32847011072e-05,1.6053889497e-05,1.84441286686e-05,2.0762923836e-05,2.28562110344e-05
694.0,1.3269267517e-05,1.60460594301e-05,1.84441617344e-05,2.07642641531e-05,2.28637429935e-05
693.0,1.32536977947e-05,1.60381018043e-05,1.84440914272e-05,2.07655260919e-05,2.28712221047e-05
692.0,1.32379913608e-05,1.60300158082e-05,1.84439169105e-05,2.0766708999e-05,2.28786478138e-05
691.0,1.32221476397e-05,1.60218006158e-05,1.84436373388e-05,2.07678122051e-05,2.2886019552e-05
690.0,1.32061660553e-05,1.60134554043e-05,1.84432518631e-05,2.07688350426e-05,2.28933367525e-05
689.0,1.3190046032e-05,1.60049793482e-05,1.84427596254e-05,2.07697768304e-05,2.29005988395e-05
688.0,1.31737869975e-05,1.59963716133e-05,1.84421597646e-05,2.0770636898e-05,2.29078052428e-05
687.0,1.31573883789e-05,1.59876313642e-05,1.84414514166e-05,2.07714145561e-05,2.29149553693e-05
686.0,1.31408496076e-05,1.59787577653e-05,1.84406336996e-05,2.07721091115e-05,2.29220486415e-05
685.0,1.31241701135e-05,1.59697499733e-05,1.84397057438e-05,2.07727198771e-05,2.29290844547e-05
684.0,1.31073493303e-05,1.59606071462e-05,1.84386666554e-05,2.07732461498e-05,2.29360622188e-05
683.0,1.30903866915e-05,1.59513284322e-05,1.84375155469e-05,2.07736872215e-05,2.29429813318e-05
682.0,1.30732816331e-05,1.59419129803e-05,1.84362515203e-05,2.07740423861e-05,2.29498411735e-05
681.0,1.30560335969e-05,1.59323599401e-05,1.84348736731e-05,2.07743109284e-05,2.29566411391e-05
680.0,1.30386420202e-05,1.59226684503e-05,1.8433381092e-05,2.07744921251e-05,2.29633806088e-05
679.0,1.30211063464e-05,1.59128376504e-05,1.84317728645e-05,2.07745852561e-05,2.29700589594e-05
678.0,1.30034260191e-05,1.59028666758e-05,1.84300480644e-05,2.0774589585e-05,2.29766755537e-05
677.0,1.29856004872e-05,1.58927546616e-05,1.8428205768e-05,2.07745043816e-05,2.29832297629e-05
676.0,1.29676291983e-05,1.5882500735e-05,1.8426245041e-05,2.07743289014e-05,2.29897209417e-05
675.0,1.29495116049e-05,1.58721040238e-05,1.84241649411e-05,2.07740623987e-05,2.29961484438e-05
674.0,1.29312471597e-05,1.58615636503e-05,1.84219645216e-05,2.0773704123e-05,2.30025116201e-05
673.0,1.2912835323e-05,1.58508787366e-05,1.8419642829e-05,2.07732533164e-05,2.30088098095e-05
672.0,1.2894275552e-05,1.58400483998e-05,1.84171989051e-05,2.07727092187e-05,2.30150423542e-05
671.0,1.28755673089e-05,1.58290717562e-05,1.84146317823e-05,2.07720710564e-05,2.30212085771e-05
670.0,1.28567100618e-05,1.58179479143e-05,1.84119404933e-05,2.07713380627e-05,2.30273078107e-05
669.0,1.28377032769e-05,1.58066759842e-05,1.8409124055e-05,2.07705094566e-05,2.30333393711e-05
668.0,1.28185464279e-05,1.57952550752e-05,1.84061814863e-05,2.07695844528e-05,2.30393025694e-05
667.0,1.27992389888e-05,1.57836842871e-05,1.84031117962e-05,2.07685622647e-05,2.30451967138e-05
666.0,1.27797804379e-05,1.57719627225e-05,1.83999139846e-05,2.07674420914e-05,2.30510211099e-05
665.0,1.27601702582e-05,1.57600894772e-05,1.83965870488e-05,2.07662231385e-05,2.30567750533e-05
664.0,1.27404079347e-05,1.57480636516e-05,1.8393129981e-05,2.07649045935e-05,2.30624578273e-05
663.0,1.27204929569e-05,1.57358843348e-05,1.83895417618e-05,2.07634856516e-05,2.30680687205e-05
662.0,1.27004248184e-05,1.57235506199e-05,1.838582137e-05,2.07619654904e-05,2.30736070104e-05
661.0,1.26802030167e-05,1.57110615921e-05,1.8381967775e-05,2.07603432849e-05,2.30790719679e-05
660.0,1.26598270513e-05,1.56984163392e-05,1.83779799432e-05,2.07586182116e-05,2.30844628578e-05
659.0,1.263929643e-05,1.56856139452e-05,1.83738568294e-05,2.07567894304e-05,2.30897789355e-05
658.0,1.26186106621e-05,1.56726534892e-05,1.83695973844e-05,2.07548561052e-05,2.30950194548e-05
657.0,1.25977692614e-05,1.56595340518e-05,1.83652005547e-05,2.07528173853e-05,2.31001836622e-05
656.0,1.25767717473e-05,1.564625471e-05,1.83606652765e-05,2.07506724232e-05,2.31052708001e-05
655.0,1.25556176429e-05,1.56328145377e-05,1.83559904835e-05,2.07484203554e-05,2.31102801007e-05
654.0,1.25343064765e-05,1.56192126068e-05,1.83511750979e-05,2.07460603223e-05,2.31152107846e-05
653.0,1.25128377822e-05,1.56054479893e-05,1.83462180396e-05,2.07435914529e-05,2.31200620782e-05
652.0,1.24912110992e-05,1.55915197535e-05,1.83411182193e-05,2.07410128676e-05,2.31248331907e-05
651.0,1.24694259715e-05,1.55774269666e-05,1.8335874542e-05,2.07383236904e-05,2.31295233298e-05
650.0,1.24474819466e-05,1.55631686942e-05,1.83304859047e-05,2.07355230332e-05,2.31341316975e-05
649.0,1.24253785795e-05,1.55487440002e-05,1.83249512043e-05,2.07342926386e-05,2.3138657485e-05
648.0,1.24031154315e-05,1.55341519454e-05,1.83192693195e-05,2.07374839472e-05,2.31430998775e-05
647.0,1.23806920684e-05,1.55193915916e-05,1.83134391338e-05,2.0740560723e-05,2.31474580541e-05
646.0,1.2358108063e-05,1.55044619982e-05,1.83074595158e-05,2.07435218932e-05,2.31517311915e-05
645.0,1.23353629919e-05,1.54893622204e-05,1.83013293336e-05,2.07463663653e-05,2.31559184479e-05
644.0,1.2312456441e-05,1.54740913176e-05,1.82950474421e-05,2.07490930499e-05,2.31600189879e-05
643.0,1.22893880014e-05,1.54586483445e-05,1.82886126979e-05,2.07517008422e-05,2.31640319562e-05
642.0,1.22661572692e-05,1.54430323537e-05,1.82820239426e-05,2.07541886316e-05,2.31679565049e-05
641.0,1.22427638482e-05,1.54272424007e-05,1.82752800166e-05,2.07565552939e-05,2.31717917629e-05
640.0,1.22192073509e-05,1.54112775381e-05,1.8268379751e-05,2.07587997014e-05,2.31755368639e-05
639.0,1.21954873933e-05,1.53951368142e-05,1.82613219747e-05,2.07609207145e-05,2.31791909314e-05
638.0,1.21716036016e-05,1.53788192829e-05,1.82541054996e-05,2.07629171834e-05,2.31827530731e-05
637.0,1.21475556085e-05,1.53623239918e-05,1.82467291427e-05,2.07647879507e-05,2.3186222404e-05
636.0,1.21233430523e-05,1.53456499933e-05,1.82391917112e-05,2.07665318491e-05,2.31895980167e-05
635.0,1.20989655816e-05,1.53287963342e-05,1.82314920015e-05,2.07681477036e-05,2.31928790084e-05
634.0,1.20744228505e-05,1.53117620648e-05,1.82236288062e-05,2.07696343287e-05,2.31960644653e-05
633.0,1.20497145229e-05,1.52945462339e-05,1.82156009107e-05,2.0770990525e-05,2.31991534618e-05
632.0,1.202484027e-05,1.52771478904e-05,1.82074070927e-05,2.07722150917e-05,2.32021450646e-05
631.0,1.19997997704e-05,1.52595660821e-05,1.81990461284e-05,2.07733068131e-05,2.32050383339e-05
630.0,1.19745927137e-05,1.52417998589e-05,1.81905167822e-05,2.07742644654e-05,2.32078323303e-05
629.0,1.19492187945e-05,1.52238482664e-05,1.81818178159e-05,2.07750868131e-05,2.3210526096e-05
628.0,1.19236777192e-05,1.52057103589e-05,1.81729479771e-05,2.07757726164e-05,2.32131186648e-05
627.0,1.18979692022e-05,1.51873851838e-05,1.81639060161e-05,2.07763206159e-05,2.3215609073e-05
626.0,1.18720929664e-05,1.51688717928e-05,1.81546906734e-05,2.07767295541e-05,2.32179963366e-05
625.0,1.18460487448e-05,1.51501692354e-05,1.81453006797e-05,2.07769981542e-05,2.32202794733e-05
624.0,1.181983628e-05,1.51312765664e-05,1.81357347659e-05,2.07771251344e-05,2.32224574864e-05
623.0,1.17934553252e-05,1.51121928365e-05,1.81259916505e-05,2.07771092001e-05,2.3224529372e-05
622.0,1.1766905639e-05,1.50929171017e-05,1.81160700477e-05,2.07769490515e-05,2.3226494121e-05
621.0,1.17401869959e-05,1.50734484167e-05,1.81059686659e-05,2.07766433703e-05,2.32283507117e-05
620.0,1.17132991776e-05,1.50537858401e-05,1.80956862079e-05,2.0776190836e-05,2.32300981153e-05
619.0,1.16862419754e-05,1.50339284309e-05,1.80852213703e-05,2.07755901123e-05,2.32317353004e-05
618.0,1.16590151938e-05,1.50138752467e-05,1.8074572837e-05,2.07748398568e-05,2.32332612171e-05
617.0,1.16316186461e-05,1.49936253543e-05,1.80637392973e-05,2.07739387107e-05,2.32346748122e-05
616.0,1.1604052157e-05,1.49731778146e-05,1.80527194256e-05,2.07728853147e-05,2.32359750238e-05
615.0,1.15763155635e-05,1.49525316942e-05,1.8041511891e-05,2.07716782891e-05,2.32371607845e-05
614.0,1.15484087116e-05,1.49316860634e-05,1.80301153608e-05,2.07703162463e-05,2.32382310097e-05
613.0,1.1520331462e-05,1.4910639995e-05,1.80185284914e-05,2.07687977928e-05,2.32391846133e-05
612.0,1.14920836845e-05,1.48893925616e-05,1.80067499373e-05,2.07671215224e-05,2.32400204978e-05
611.0,1.14636652609e-05,1.48679428403e-05,1.79947783433e-05,2.07652860129e-05,2.32407375542e-05
610.0,1.14350760881e-05,1.48462899102e-05,1.79826123548e-05,2.0763289835e-05,2.32413346724e-05
609.0,1.14063160719e-05,1.48244328569e-05,1.79702506015e-05,2.07611315489e-05,2.32418107203e-05
608.0,1.13773851322e-05,1.48023707655e-05,1.79576917141e-05,2.07588097095e-05,2.32421645721e-05
607.0,1.13482832022e-05,1.4780102728e-05,1.79449343185e-05,2.07563228483e-05,2.32423950801e-05
606.0,1.13190102261e-05,1.47576278365e-05,1.7931977031e-05,2.07536694961e-05,2.32425010916e-05
605.0,1.12895661641e-05,1.47349451905e-05,1.79188184622e-05,2.07508481696e-05,2.32424814495e-05
604.0,1.12599509871e-05,1.47120538917e-05,1.79054572237e-05,2.07478573739e-05,2.32423349796e-05
603.0,1.12301646816e-05,1.46889530458e-05,1.78918919134e-05,2.07446955999e-05,2.32420605066e-05
602.0,1.12002072451e-05,1.46656417655e-05,1.78781211261e-05,2.07413613346e-05,2.32416568358e-05
601.0,1.11700786926e-05,1.46421191642e-05,1.78641434578e-05,2.07378530506e-05,2.32434741928e-05
600.0,1.11397790517e-05,1.46183843652e-05,1.78499574893e-05,2.07341692068e-05,2.32500364109e-05
599.0,1.11093083632e-05,1.45944364917e-05,1.78355618027e-05,2.0730308255e-05,2.32564673503e-05
598.0,1.10786666841e-05,1.45702746785e-05,1.78209549739e-05,2.07262686292e-05,2.32627655934e-05
597.0,1.10478540862e-05,1.4545898058e-05,1.78061355735e-05,2.07220487576e-05,2.32689297018e-05
596.0,1.10168706559e-05,1.45213057765e-05,1.77911021665e-05,2.07176470575e-05,2.32749582258e-05
595.0,1.09857164928e-05,1.44964969822e-05,1.77758533144e-05,2.07130619328e-05,2.32808497132e-05
594.0,1.09543917159e-05,1.44714708284e-05,1.77603875726e-05,2.07082917746e-05,2.32866026807e-05
593.0,1.0922896458e-05,1.44462264775e-05,1.77447034938e-05,2.07033349669e-05,2.32922156439e-05
592.0,1.08912308673e-05,1.44207630977e-05,1.77287996242e-05,2.06981898748e-05,2.32976870997e-05
591.0,1.08593951068e-05,1.43950798634e-05,1.77126745085e-05,2.06928548603e-05,2.33030155283e-05
590.0,1.08273893605e-05,1.43691759589e-05,1.76963266844e-05,2.06873282693e-05,2.33081994036e-05
589.0,1.07952138243e-05,1.43430505713e-05,1.76797546864e-05,2.06816084351e-05,2.33132371819e-05
588.0,1.07628687107e-05,1.43167029002e-05,1.76629570449e-05,2.06756936799e-05,2.33181272957e-05
587.0,1.07303542544e-05,1.42901321507e-05,1.76459322858e-05,2.06695823205e-05,2.33228681791e-05
586.0,1.06976707011e-05,1.42633375356e-05,1.76286789352e-05,2.06632726513e-05,2.33274582413e-05
585.0,1.06648183167e-05,1.42363182779e-05,1.76111955086e-05,2.06567629624e-05,2.33318958821e-05
584.0,1.06317973856e-05,1.42090736087e-05,1.75934805239e-05,2.06500515311e-05,2.33361794808e-05
583.0,1.05986082082e-05,1.41816027672e-05,1.75755324937e-05,2.06431366218e-05,2.33403074038e-05
582.0,1.0565251102e-05,1.41539050036e-05,1.75573499291e-05,2.06360164894e-05,2.33442780048e-05
581.0,1.05317264069e-05,1.41259795754e-05,1.75389313354e-05,2.0628689368e-05,2.33480896243e-05
580.0,1.04980344772e-05,1.40978257527e-05,1.75202752129e-05,2.06211534947e-05,2.3351740581e-05
579.0,1.04641756864e-05,1.40694428137e-05,1.75013800666e-05,2.06134070842e-05,2.33552291808e-05
578.0,1.04301504295e-05,1.40408300479e-05,1.74822443924e-05,2.06054483428e-05,2.33585537172e-05
577.0,1.03959591177e-05,1.4011986754e-05,1.74628666868e-05,2.05972754645e-05,2.33617124615e-05
576.0,1.03616021823e-05,1.39829122451e-05,1.74432454449e-05,2.05888866298e-05,2.33647036805e-05
575.0,1.03270800739e-05,1.39536058414e-05,1.74233791545e-05,2.05802800096e-05,2.33675256121e-05
574.0,1.02923932643e-05,1.39240668793e-05,1.74032663079e-05,2.05714537641e-05,2.33701764833e-05
573.0,1.02575422431e-05,1.38942947025e-05,1.73829053943e-05,2.05624060402e-05,2.33726545145e-05
572.0,1.02225275211e-05,1.38642886687e-05,1.73622948972e-05,2.05531349712e-05,2.33749578891e-05
571.0,1.01873496295e-05,1.38340481509e-05,1.73414333044e-05,2.05436386813e-05,2.33770847977e-05
570.0,1.01520091183e-05,1.38035725312e-05,1.73203190969e-05,2.05339152804e-05,2.33790333959e-05
569.0,1.01165065604e-05,1.37728612072e-05,1.72989507612e-05,2.05239628677e-05,2.33808018311e-05
568.0,1.00808425493e-05,1.37419135885e-05,1.72773267777e-05,2.05137795359e-05,2.33823882381e-05
567.0,1.00450176991e-05,1.37107290989e-05,1.72554456302e-05,2.05033633544e-05,2.33837907222e-05
566.0,1.00090326443e-05,1.36793071776e-05,1.72333057978e-05,2.04927123932e-05,2.33850073823e-05
565.0,9.97288804158e-06,1.36476472775e-05,1.72109057644e-05,2.04818247025e-05,2.33860363003e-05
564.0,9.93658457024e-06,1.36157488663e-05,1.71882440132e-05,2.04706983226e-05,2.33868755322e-05
563.0,9.9001229287e-06,1.35836114276e-05,1.71653190223e-05,2.04593312853e-05,2.33875231248e-05
562.0,9.86350384246e-06,1.35512344574e-05,1.71421292801e-05,2.04477216066e-05,2.33879771072e-05
561.0,9.82672805295e-06,1.35186174742e-05,1.7118673266e-05,2.0435867293e-05,2.33882354849e-05
560.0,9.78979632794e-06,1.34857600062e-05,1.70949494676e-05,2.04237663403e-05,2.33882962559e-05
559.0,9.75270945884e-06,1.34526616027e-05,1.70709563718e-05,2.04114167309e-05,2.33881573868e-05
558.0,9.7154682552e-06,1.34193218266e-05,1.70466924668e-05,2.03988164403e-05,2.33878168382e-05
557.0,9.67807355365e-06,1.33857402616e-05,1.70221562425e-05,2.03859634234e-05,2.33872725477e-05
556.0,9.64052621249e-06,1.33519165059e-05,1.69973461915e-05,2.03728556351e-05,2.3386522435e-05
555.0,9.60282711278e-06,1.3317850179e-05,1.69722608117e-05,2.03594910112e-05,2.33855644067e-05
554.0,9.5649771599e-06,1.32835409158e-05,1.69468985986e-05,2.03458674783e-05,2.33843963399e-05
553.0,9.5269772824e-06,1.32489883739e-05,1.69212580543e-05,2.03319829555e-05,2.33830161012e-05
552.0,9.48882843247e-06,1.32141922259e-05,1.68953376856e-05,2.03178353433e-05,2.3381421542e-05
551.0,9.45053158603e-06,1.3179152167e-05,1.68691359977e-05,2.0303422539e-05,2.33796104866e-05
550.0,9.41208774404e-06,1.31438679126e-05,1.6842651506e-05,2.02887424273e-05,2.33775807444e-05
549.0,9.37349793047e-06,1.31083391966e-05,1.68158827275e-05,2.02737928793e-05,2.33753301103e-05
548.0,9.33476319404e-06,1.30725657752e-05,1.67888281836e-05,2.02585717533e-05,2.33728563498e-05
547.0,9.29588460776e-06,1.30365474247e-05,1.67614864019e-05,2.02430769073e-05,2.33701572214e-05
546.0,9.2568632704e-06,1.30002839463e-05,1.67338559145e-05,2.02273061799e-05,2.33672304548e-05
545.0,9.21770030359e-06,1.29637751594e-05,1.67059352608e-05,2.02112574027e-05,2.33640737669e-05
544.0,9.17839685539e-06,1.29270209069e-05,1.66777229846e-05,2.01949283941e-05,2.33606848537e-05
543.0,9.13895409763e-06,1.28900210562e-05,1.66492176393e-05,2.01783169668e-05,2.33570613866e-05
542.0,9.09937322771e-06,1.28527754982e-05,1.662041778e-05,2.01614209239e-05,2.3353201025e-05
541.0,9.05965546905e-06,1.28152841443e-05,1.65913219753e-05,2.01442380489e-05,2.33491014064e-05
540.0,9.01980206946e-06,1.27775469341e-05,1.65619287952e-05,2.0126766131e-05,2.33447601436e-05
539.0,8.97981430172e-06,1.27395638289e-05,1.65322368245e-05,2.01090029385e-05,2.33401748353e-05
538.0,8.9396934644e-06,1.27013348167e-05,1.65022446515e-05,2.00909462364e-05,2.33353430612e-05
537.0,8.89944088312e-06,1.2662859909e-05,1.64719508745e-05,2.0072593776e-05,2.33302623747e-05
536.0,8.85905790679e-06,1.26241391464e-05,1.6441354103e-05,2.00539433022e-05,2.3324930315e-05
535.0,8.81854591238e-06,1.25851725944e-05,1.64104529554e-05,2.00349925495e-05,2.33193444007e-05
534.0,8.77790629997e-06,1.25459603428e-05,1.63792460591e-05,2.00157392475e-05,2.33135021233e-05
533.0,8.73714049779e-06,1.25065025129e-05,1.63477320545e-05,1.9996181113e-05,2.33074009642e-05
532.0,8.6962499594e-06,1.24667992505e-05,1.63159095908e-05,1.99763158576e-05,2.33010383761e-05
531.0,8.65523616366e-06,1.24268507298e-05,1.62837773305e-05,1.99561411832e-05,2.32944117995e-05
530.0,8.61410061574e-06,1.23866571548e-05,1.6251333948e-05,1.99356547848e-05,2.32875186452e-05
529.0,8.57284484744e-06,1.2346218758e-05,1.62185781298e-05,1.99148543484e-05,2.32803563093e-05
528.0,8.53147041518e-06,1.23055358013e-05,1.61855085752e-05,1.98937375539e-05,2.32729221687e-05
527.0,8.48997890444e-06,1.22646085751e-05,1.61521239991e-05,1.98723020737e-05,2.32652135715e-05
526.0,8.4483719232e-06,1.22234374018e-05,1.61184231285e-05,1.98505455749e-05,2.3257227855e-05
525.0,8.4066511081e-06,1.21820226351e-05,1.60844047045e-05,1.98284657145e-05,2.32489623258e-05
524.0,8.36481812074e-06,1.21403646561e-05,1.60500674847e-05,1.98060601464e-05,2.3240414282e-05
523.0,8.32287464868e-06,1.2098463883e-05,1.60154102441e-05,1.97833265178e-05,2.32315809891e-05
522.0,8.28082240638e-06,1.20563207617e-05,1.59804317699e-05,1.97602624682e-05,2.32224596968e-05
521.0,8.23866313393e-06,1.20139357714e-05,1.59451308713e-05,1.9736865634e-05,2.3213047638e-05
520.0,8.19639859776e-06,1.19713094271e-05,1.59095063681e-05,1.97131336442e-05,2.32033420141e-05
519.0,8.15403058956e-06,1.19284422721e-05,1.58735571032e-05,1.96890641247e-05,2.31933400176e-05
518.0,8.11156092819e-06,1.18853348878e-05,1.58372819385e-05,1.96646546963e-05,2.318303881e-05
517.0,8.06899145688e-06,1.18419878889e-05,1.58006797492e-05,1.96399029758e-05,2.31724355386e-05
516.0,8.02632404645e-06,1.1798401923e-05,1.57637494383e-05,1.96148065761e-05,2.31615273238e-05
515.0,7.98356059194e-06,1.17545776751e-05,1.57264899221e-05,1.95893631054e-05,2.31503112711e-05
514.0,7.94070301471e-06,1.17105158628e-05,1.56889001425e-05,1.95635701701e-05,2.31387844607e-05
513.0,7.89775326223e-06,1.16662172443e-05,1.56509790592e-05,1.95374253723e-05,2.31269439557e-05
512.0,7.85471330604e-06,1.16216826094e-05,1.56127256584e-05,1.9510926315e-05,2.3114786793e-05
511.0,7.81158514546e-06,1.15769127869e-05,1.55741389445e-05,1.94840705949e-05,2.31023099925e-05
510.0,7.76837080184e-06,1.15319086437e-05,1.55352179494e-05,1.94568558114e-05,2.30895105521e-05
509.0,7.72507232448e-06,1.14866710824e-05,1.54959617278e-05,1.94292795587e-05,2.30763854477e-05
508.0,7.68169178602e-06,1.1441201045e-05,1.5456369356e-05,1.9401339432e-05,2.30629316379e-05
507.0,7.6382312856e-06,1.13954995106e-05,1.54164399431e-05,1.93730330275e-05,2.30491460568e-05
506.0,7.59469294438e-06,1.13495674996e-05,1.53761726161e-05,1.93443579398e-05,2.30350256161e-05
505.0,7.5510789116e-06,1.13034060696e-05,1.53355665351e-05,1.93153117651e-05,2.30205672152e-05
504.0,7.50739135733e-06,1.12570163182e-05,1.5294620885e-05,1.92858921004e-05,2.30057677244e-05
503.0,7.46363247821e-06,1.12103993829e-05,1.5253334879e-05,1.92560965436e-05,2.29906239935e-05
502.0,7.41980449367e-06,1.11635564432e-05,1.5211707761e-05,1.92259226962e-05,2.29751328601e-05
501.0,7.3759096473e-06,1.11164887183e-05,1.51697388031e-05,1.91953681627e-05,2.29592911329e-05
500.0,7.33195020706e-06,1.10691974672e-05,1.51274273075e-05,1.91644305474e-05,2.2943095606e-05
499.0,7.28792846282e-06,1.1021683992e-05,1.50847726093e-05,1.91331074627e-05,2.29265430488e-05
498.0,7.24384672826e-06,1.09739496379e-05,1.50417740761e-05,1.91013965224e-05,2.29096302119e-05
497.0,7.19970733944e-06,1.0925995791e-05,1.49984311057e-05,1.90692953467e-05,2.28923538287e-05
496.0,7.15551265613e-06,1.08778238785e-05,1.49547431302e-05,1.90368015616e-05,2.28747106134e-05
495.0,7.11126505892e-06,1.08294353736e-05,1.4910709617e-05,1.90039127976e-05,2.28566972526e-05
494.0,7.06696695167e-06,1.07808317899e-05,1.48663300695e-05,1.89706266921e-05,2.28383104243e-05
493.0,7.02262075968e-06,1.07320146872e-05,1.48216040252e-05,1.8936940891e-05,2.28195467815e-05
492.0,6.97822892902e-06,1.06829856683e-05,1.47765310578e-05,1.890285305e-05,2.28004029569e-05
491.0,6.93379392796e-06,1.06337463794e-05,1.4731110782e-05,1.88683608292e-05,2.27808755669e-05
490.0,6.88931824502e-06,1.05842985111e-05,1.46853428452e-05,1.88334619018e-05,2.27609612098e-05
489.0,6.8448043887e-06,1.05346438005e-05,1.46392269412e-05,1.87981539476e-05,2.27406564615e-05
488.0,6.80025488891e-06,1.04847840293e-05,1.45927627959e-05,1.87624346639e-05,2.27199578861e-05
487.0,6.75567229447e-06,1.04347210223e-05,1.45459501823e-05,1.87263017495e-05,2.26988620237e-05
486.0,6.71105917354e-06,1.03844566532e-05,1.44987889127e-05,1.86897529252e-05,2.26773653984e-05
485.0,6.66641811457e-06,1.03339928385e-05,1.44512788417e-05,1.865278592e-05,2.26554645194e-05
484.0,6.62175172268e-06,1.0283331544e-05,1.44034198669e-05,1.86153984772e-05,2.26331558763e-05
483.0,6.57706262337e-06,1.0232474779e-05,1.43552119311e-05,1.85775883564e-05,2.26104359411e-05
482.0,6.53235345844e-06,1.01814246003e-05,1.43066550213e-05,1.85393533301e-05,2.2587301173e-05
481.0,6.48762688769e-06,1.01301831112e-05,1.42577491726e-05,1.85006911919e-05,2.25637480104e-05
480.0,6.44288558872e-06,1.00787524628e-05,1.42084944635e-05,1.84615997466e-05,2.25397728795e-05
479.0,6.39813225426e-06,1.00271348519e-05,1.41588910231e-05,1.84220768217e-05,2.25153721889e-05
478.0,6.35336959463e-06,9.97533252316e-06,1.41089390287e-05,1.83821202632e-05,2.24905423315e-05
477.0,6.3086003351e-06,9.9233477696e-06,1.40586387045e-05,1.83417279344e-05,2.24652796895e-05
476.0,6.26382721609e-06,9.87118292877e-06,1.40079903274e-05,1.83008977237e-05,2.24395806242e-05
475.0,6.21905299307e-06,9.81884038895e-06,1.39569942257e-05,1.82596275361e-05,2.24134414906e-05
474.0,6.1742804358e-06,9.76632258387e-06,1.39056507792e-05,1.82179153061e-05,2.2386858624e-05
473.0,6.12951232731e-06,9.71363199609e-06,1.38539604201e-05,1.81757589858e-05,2.23598283486e-05
472.0,6.08475146528e-06,9.66077115627e-06,1.38019236352e-05,1.8133156556e-05,2.23323469788e-05
471.0,6.04000065859e-06,9.60774264155e-06,1.37495409659e-05,1.80901060221e-05,2.23044108128e-05
470.0,5.99526272892e-06,9.55454907824e-06,1.369681301e-05,1.8046605417e-05,2.22760161418e-05
469.0,5.95054050966e-06,9.50119313915e-06,1.36437404202e-05,1.80026528004e-05,2.22471592403e-05
468.0,5.90583684535e-06,9.44767754638e-06,1.3590323908e-05,1.79582462628e-05,2.22178363788e-05
467.0,5.86115459136e-06,9.39400506867e-06,1.35365642439e-05,1.79133839232e-05,2.21880438119e-05
466.0,5.8164966125e-06,9.34017852428e-06,1.34824622551e-05,1.78680639331e-05,2.21577777881e-05
465.0,5.77186578396e-06,9.28620077737e-06,1.34280188325e-05,1.78222844785e-05,2.21270345497e-05
464.0,5.72726498904e-06,9.23207473979e-06,1.33732349247e-05,1.77760437738e-05,2.20958103281e-05
463.0,5.68269711913e-06,9.17780337246e-06,1.33181115436e-05,1.77293400752e-05,2.20641013464e-05
462.0,5.63816507421e-06,9.12338968214e-06,1.32626497645e-05,1.76821716678e-05,2.20319038248e-05
461.0,5.59367176068e-06,9.06883672404e-06,1.32068507249e-05,1.76345368808e-05,2.19992139738e-05
460.0,5.54922009179e-06,9.01414759966e-06,1.31507156276e-05,1.75864340774e-05,2.19660280003e-05
459.0,5.50481298621e-06,8.95932545836e-06,1.30942457415e-05,1.75378616621e-05,2.19323421107e-05
458.0,5.46045336836e-06,8.90437349445e-06,1.30374424013e-05,1.74888180809e-05,2.18981524999e-05
457.0,5.41614416664e-06,8.84929495068e-06,1.29803070078e-05,1.74393018218e-05,2.18634553679e-05
456.0,5.37188831396e-06,8.79409311592e-06,1.29228410305e-05,1.7389311419e-05,2.18282469079e-05
455.0,5.32768874662e-06,8.73877132343e-06,1.28650460069e-05,1.73388454481e-05,2.17925233155e-05
454.0,5.2835484026e-06,8.6833329535e-06,1.28069235465e-05,1.72879025325e-05,2.17562807819e-05
453.0,5.23947022318e-06,8.62778143101e-06,1.27484753254e-05,1.72364813459e-05,2.17195155045e-05
452.0,5.19545715e-06,8.57212022737e-06,1.26897030947e-05,1.7184580608e-05,2.16822236787e-05
451.0,5.1515121255e-06,8.51635285681e-06,1.26306086749e-05,1.71321990919e-05,2.16444015051e-05
450.0,5.10763809245e-06,8.46048287905e-06,1.25711939591e-05,1.7079335622e-05,2.16060451855e-05
449.0,5.06383799237e-06,8.40451389741e-06,1.2511460916e-05,1.70259890775e-05,2.15671509315e-05
448.0,5.02011476594e-06,8.34844955792e-06,1.24514115867e-05,1.69721583899e-05,2.15277149524e-05
447.0,4.97647135148e-06,8.2922935518e-06,1.23910480885e-05,1.69178425506e-05,2.14877334737e-05
446.0,4.93291068443e-06,8.23604960981e-06,1.23303726133e-05,1.6863040608e-05,2.14472027226e-05
445.0,4.88943569638e-06,8.17972150783e-06,1.22693874302e-05,1.68077516705e-05,2.14061189388e-05
444.0,4.84604931552e-06,8.12331306055e-06,1.22080948853e-05,1.6751974907e-05,2.13644783739e-05
443.0,4.80275446446e-06,8.06682812574e-06,1.21464974022e-05,1.66957095511e-05,2.13222772877e-05
442.0,4.75955406057e-06,8.0102706001e-06,1.2084597483e-05,1.66389549e-05,2.12795119567e-05
441.0,4.71645101421e-06,7.95364442074e-06,1.20223977086e-05,1.65817103162e-05,2.12361786683e-05
440.0,4.67344822948e-06,7.89695356425e-06,1.19599007399e-05,1.65239752312e-05,2.11922737304e-05
439.0,4.63054860251e-06,7.84020204485e-06,1.18971093186e-05,1.64657491474e-05,2.1147793463e-05
438.0,4.58775502028e-06,7.78339391564e-06,1.18340262653e-05,1.64070316332e-05,2.11027342106e-05
437.0,4.54507036124e-06,7.72653326618e-06,1.17706544839e-05,1.63478223339e-05,2.10570923317e-05
436.0,4.50249749345e-06,7.66962422266e-06,1.17069969598e-05,1.6288120971e-05,2.1010864211e-05
435.0,4.46003927462e-06,7.61267094749e-06,1.16430567599e-05,1.62279273368e-05,2.09640462555e-05
434.0,4.41769855043e-06,7.55567763652e-06,1.15788370339e-05,1.6167241306e-05,2.09166348946e-05
433.0,4.37547815521e-06,7.49864852154e-06,1.15143410152e-05,1.61060628281e-05,2.08686265883e-05
432.0,4.3333809097e-06,7.44158786656e-06,1.14495720212e-05,1.604439194e-05,2.08200178208e-05
431.0,4.29140962168e-06,7.38449996773e-06,1.13845334522e-05,1.59822287573e-05,2.07708051084e-05
430.0,4.24956708408e-06,7.32738915413e-06,1.13192287939e-05,1.59195734816e-05,2.07209849989e-05
429.0,4.20785607498e-06,7.27025978381e-06,1.12536616163e-05,1.58564264001e-05,2.06705540713e-05
428.0,4.16627935661e-06,7.21311624672e-06,1.11878355736e-05,1.57927878906e-05,2.06195089426e-05
427.0,4.12483967487e-06,7.15596295942e-06,1.11217544068e-05,1.57286584185e-05,2.05678462636e-05
426.0,4.08353975838e-06,7.09880436737e-06,1.10554219412e-05,1.5664038543e-05,2.05155627287e-05
425.0,4.04238231771e-06,7.04164494335e-06,1.09888420873e-05,1.55989289137e-05,2.0462655069e-05
424.0,4.00137004514e-06,6.98448918494e-06,1.09220188428e-05,1.55333302816e-05,2.04091200597e-05
423.0,3.9605056131e-06,6.92734161577e-06,1.0854956289e-05,1.54672434871e-05,2.03549545213e-05
422.0,3.91979167401e-06,6.87020678176e-06,1.07876585954e-05,1.54006694773e-05,2.03001553209e-05
421.0,3.8792308603e-06,6.8130892529e-06,1.07201300165e-05,1.53336092944e-05,2.02447193766e-05
420.0,3.8388257823e-06,6.75599361987e-06,1.06523748919e-05,1.5266064085e-05,2.01886436531e-05
419.0,3.79857902816e-06,6.69892449419e-06,1.05843976482e-05,1.51980351015e-05,2.01319251752e-05
418.0,3.75849316338e-06,6.6418865063e-06,1.05162027976e-05,1.5129523699e-05,2.00745610193e-05
417.0,3.71857073027e-06,6.58488430558e-06,1.04477949375e-05,1.50605313448e-05,2.00165483199e-05
416.0,3.67881424623e-06,6.52792255732e-06,1.0379178751e-05,1.49910596122e-05,1.99578842725e-05
415.0,3.63922620464e-06,6.47100594373e-06,1.0310359006e-05,1.49211101881e-05,1.9898566138e-05
414.0,3.59980907305e-06,6.41413916046e-06,1.02413405562e-05,1.48506848712e-05,1.98385912387e-05
413.0,3.56056529263e-06,6.3573269166e-06,1.01721283386e-05,1.47797855747e-05,1.97779569662e-05
412.0,3.52149727804e-06,6.30057393381e-06,1.01027273761e-05,1.47084143302e-05,1.97166607842e-05
411.0,3.48260741651e-06,6.24388494416e-06,1.00331427745e-05,1.46365732864e-05,1.9654700226e-05
410.0,3.44389806712e-06,6.18726468931e-06,9.96337972242e-06,1.45642647122e-05,1.9592072905e-05
409.0,3.40537156021e-06,6.13071791851e-06,9.8934434927e-06,1.44914909976e-05,1.95287765082e-05
408.0,3.36703019727e-06,6.07424938835e-06,9.82333943892e-06,1.44182546565e-05,1.94648088057e-05
407.0,3.32887624927e-06,6.01786386024e-06,9.75307299854e-06,1.43445583274e-05,1.94001676519e-05
406.0,3.29091195722e-06,5.96156610068e-06,9.68264968785e-06,1.42704047765e-05,1.93348509867e-05
405.0,3.25313953071e-06,5.90536087767e-06,9.6120751048e-06,1.41957968954e-05,1.92688568394e-05
404.0,3.21556114802e-06,5.84925296089e-06,9.54135492613e-06,1.41207377082e-05,1.92021833316e-05
403.0,3.17817895487e-06,5.79324712069e-06,9.47049490788e-06,1.40452303682e-05,1.91348286804e-05
402.0,3.14099506463e-06,5.73734812466e-06,9.399500883e-06,1.39692781625e-05,1.90667912011e-05
401.0,3.10401155722e-06,5.68156073824e-06,9.32837876341e-06,1.38928845114e-05,1.89980693092e-05
400.0,3.06723047868e-06,5.62588972178e-06,9.25713453433e-06,1.3816052971e-05,1.89286615268e-05
399.0,3.03065384079e-06,5.57033983081e-06,9.18577425776e-06,1.37387872359e-05,1.88585664792e-05
398.0,2.99428362051e-06,5.51491581273e-06,9.11430406857e-06,1.36610911355e-05,1.87877829083e-05
397.0,2.95812175927e-06,5.45962240645e-06,9.04273017538e-06,1.35829686424e-05,1.87163096628e-05
396.0,2.92217016318e-06,5.40446434042e-06,8.97105885693e-06,1.35044238667e-05,1.86441457119e-05
395.0,2.88643070156e-06,5.34944633162e-06,8.89929646282e-06,1.34254610622e-05,1.85712901451e-05
394.0,2.85090520739e-06,5.29457308372e-06,8.82744941142e-06,1.3346084626e-05,1.84977421736e-05
393.0,2.81559547626e-06,5.23984928575e-06,8.75552418864e-06,1.32662990994e-05,1.84235011379e-05
392.0,2.78050326623e-06,5.18527961053e-06,8.68352734705e-06,1.31861091681e-05,1.83485665047e-05
391.0,2.74563029746e-06,5.13086871288e-06,8.61146550206e-06,1.31055196639e-05,1.82729378774e-05
390.0,2.71097825141e-06,5.07662122901e-06,8.53934533384e-06,1.30245355675e-05,1.8196614994e-05
389.0,2.67654877116e-06,5.02254177402e-06,8.46717358386e-06,1.29431620061e-05,1.81195977343e-05
388.0,2.64234346025e-06,4.96863494078e-06,8.39495705192e-06,1.28614042561e-05,1.80418861197e-05
387.0,2.60836388295e-06,4.91490529859e-06,8.32270259842e-06,1.27792677435e-05,1.79634803205e-05
386.0,2.57461156353e-06,4.86135739193e-06,8.25041713727e-06,1.26967580447e-05,1.78843806586e-05
385.0,2.54108798619e-06,4.8079957381e-06,8.17810763839e-06,1.26138808873e-05,1.78045876048e-05
384.0,2.50779459446e-06,4.75482482622e-06,8.10578112451e-06,1.25306421487e-05,1.77241017947e-05
383.0,2.47473279108e-06,4.70184911588e-06,8.03344466834e-06,1.24470478609e-05,1.76429240199e-05
382.0,2.44190393794e-06,4.64907303604e-06,7.96110539153e-06,1.23631042052e-05,1.75610552368e-05
381.0,2.40930935524e-06,4.59650098182e-06,7.88877046253e-06,1.22788175163e-05,1.74784965738e-05
380.0,2.37695032192e-06,4.54413731568e-06,7.81644709486e-06,1.2194194283e-05,1.73952493269e-05
379.0,2.34482807483e-06,4.49198636339e-06,7.74414254294e-06,1.21092411457e-05,1.73113149703e-05
378.0,2.31294380863e-06,4.44005241432e-06,7.67186410293e-06,1.2023964897e-05,1.72266951569e-05
377.0,2.28129867618e-06,4.38833971946e-06,7.59961910843e-06,1.1938372484e-05,1.71413917205e-05
376.0,2.24989378738e-06,4.33685248951e-06,7.52741492903e-06,1.1852471004e-05,1.70554066809e-05
375.0,2.21873020976e-06,4.28559489426e-06,7.45525896701e-06,1.17662677087e-05,1.696874225e-05
374.0,2.18780896807e-06,4.23457106076e-06,7.38315865654e-06,1.16797700019e-05,1.68814008303e-05
373.0,2.15713104396e-06,4.18378507179e-06,7.31112145979e-06,1.15929854365e-05,1.6793385022e-05
372.0,2.12669737608e-06,4.13324096514e-06,7.23915486489e-06,1.15059217195e-05,1.67046976252e-05
371.0,2.09650886e-06,4.08294273125e-06,7.16726638415e-06,1.14185867062e-05,1.66153416435e-05
370.0,2.06656634795e-06,4.0328943128e-06,7.09546355072e-06,1.13309884015e-05,1.65253202875e-05
369.0,2.03687064859e-06,3.98309960314e-06,7.02375391542e-06,1.12431349607e-05,1.6434636978e-05
368.0,2.00742252762e-06,3.93356244421e-06,6.95214504627e-06,1.11550346847e-05,1.63432953516e-05
367.0,1.97822270698e-06,3.88428662694e-06,6.88064452333e-06,1.10666960232e-05,1.6251299258e-05
366.0,1.9492718651e-06,3.83527588786e-06,6.80925993659e-06,1.09781275685e-05,1.61586527716e-05
365.0,1.92057063687e-06,3.78653390989e-06,6.73799888544e-06,1.08893380604e-05,1.6065360186e-05
364.0,1.892119614e-06,3.7380643196e-06,6.66686897272e-06,1.08003363791e-05,1.59714260265e-05
363.0,1.86391934432e-06,3.68987068701e-06,6.59587780348e-06,1.07111315462e-05,1.58768550435e-05
362.0,1.83597033238e-06,3.64195652351e-06,6.52503298268e-06,1.06217327232e-05,1.57816522237e-05
361.0,1.80827303924e-06,3.59432528194e-06,6.45434211077e-06,1.05321492089e-05,1.56858227876e-05
360.0,1.78082788257e-06,3.54698035424e-06,6.38381278242e-06,1.04423904387e-05,1.55893721954e-05
359.0,1.75363523699e-06,3.49992507086e-06,6.3134525829e-06,1.03524659803e-05,1.54923061485e-05
358.0,1.72669543368e-06,3.45316270011e-06,6.24326908409e-06,1.02623855334e-05,1.53946305936e-05
357.0,1.70000876086e-06,3.4066964462e-06,6.17326984363e-06,1.01721589276e-05,1.52963517223e-05
356.0,1.67357546378e-06,3.3605294494e-06,6.1034624005e-06,1.00817961192e-05,1.51974759782e-05
355.0,1.64739574481e-06,3.31466478374e-06,6.0338542722e-06,9.99130718867e-06,1.50980100537e-05
354.0,1.62146976373e-06,3.26910545717e-06,5.96445295251e-06,9.90070233691e-06,1.4997960897e-05
353.0,1.59579763773e-06,3.22385441008e-06,5.89526590721e-06,9.80999188549e-06,1.48973357149e-05
352.0,1.57037944185e-06,3.17891451454e-06,5.82630057223e-06,9.71918627089e-06,1.47961419677e-05
351.0,1.54521520879e-06,3.13428857324e-06,5.75756435048e-06,9.62829604214e-06,1.46943873804e-05
350.0,1.52030492947e-06,3.08997931941e-06,5.68906460757e-06,9.53733185879e-06,1.45920799374e-05
349.0,1.34740253619e-06,3.04598941484e-06,5.620808671e-06,9.44630448658e-06,1.44892278886e-05
348.0,1.32730211832e-06,3.00232145008e-06,5.5528038249e-06,9.35522479389e-06,1.4385839748e-05
347.0,1.30740311199e-06,2.95897794342e-06,5.48505730879e-06,9.26410374893e-06,1.4281924299e-05
346.0,1.28770501158e-06,2.91596134004e-06,5.41757631329e-06,9.1729524152e-06,1.41774905886e-05
345.0,1.26820728966e-06,2.87327401164e-06,5.35036797755e-06,9.08178194915e-06,1.40725479365e-05
344.0,1.24890939756e-06,2.83091825553e-06,5.28343938674e-06,8.99060359352e-06,1.39671059313e-05
343.0,1.2298107652e-06,2.7888962942e-06,5.21679756865e-06,8.89942867692e-06,1.38611744304e-05
342.0,1.21091080169e-06,2.74721027483e-06,5.1504494902e-06,8.8082686074e-06,1.37547635651e-05
341.0,1.19220889565e-06,2.70586226867e-06,5.08440205592e-06,8.71713486769e-06,1.36478837357e-05
340.0,1.17370441544e-06,2.66485427048e-06,5.01866210353e-06,8.62603901248e-06,1.35405456154e-05
339.0,1.15539670926e-06,2.62418819838e-06,4.95323640171e-06,8.53499266411e-06,1.34327601483e-05
338.0,1.13728510583e-06,2.58386589302e-06,4.88813164752e-06,8.44400750498e-06,1.33245385498e-05
337.0,1.11936891428e-06,2.54388911756e-06,4.82335446305e-06,8.3530952773e-06,1.32158923057e-05
336.0,1.10164742503e-06,2.50425955731e-06,4.75891139297e-06,8.26226777353e-06,1.31068331723e-05
335.0,1.0841199094e-06,2.46497881925e-06,4.69480890136e-06,8.17153683629e-06,1.29973731746e-05
334.0,1.06678562043e-06,2.42604843172e-06,4.63105336941e-06,8.08091434947e-06,1.28875246052e-05
333.0,1.0496437931e-06,2.3874698448e-06,4.56765109251e-06,7.99041223515e-06,1.27773000231e-05
332.0,1.03269364444e-06,2.34924442911e-06,4.50460827756e-06,7.90004244747e-06,1.26667122527e-05
331.0,1.01593437411e-06,2.31137347653e-06,4.44193104022e-06,7.80981696836e-06,1.255577438e-05
330.0,9.99365164542e-07,2.27385819972e-06,4.37962540302e-06,7.71974780088e-06,1.24444997529e-05
329.0,9.82985181303e-07,2.23669973222e-06,4.3176972918e-06,7.62984696535e-06,1.23329019776e-05
328.0,9.66793573499e-07,2.19989912795e-06,4.25615253425e-06,7.54012649271e-06,1.22209949155e-05
327.0,9.50789473917e-07,2.16345736197e-06,4.1949968564e-06,7.45059841837e-06,1.21087926805e-05
326.0,9.34971999556e-07,2.12737532979e-06,4.13423588146e-06,7.3612747786e-06,1.19963096368e-05
325.0,9.19340251805e-07,2.09165384786e-06,4.07387512689e-06,7.27216760314e-06,1.1883560394e-05
324.0,9.03893316837e-07,2.0562936537e-06,4.01392000191e-06,7.18328890977e-06,1.17705598049e-05
323.0,8.88630265845e-07,2.02129540563e-06,3.95437580568e-06,7.09465069915e-06,1.16573229598e-05
322.0,8.73550155542e-07,1.98665968341e-06,3.89524772494e-06,7.00626494806e-06,1.15438651839e-05
321.0,8.58652028222e-07,1.95238698824e-06,3.83654083247e-06,6.91814360416e-06,1.14302020313e-05
320.0,8.43934912389e-07,1.91847774302e-06,3.77826008445e-06,6.8302985798e-06,1.13163492818e-05
319.0,8.29397822785e-07,1.88493229258e-06,3.72041031866e-06,6.74274174569e-06,1.12023229338e-05
318.0,8.15039760979e-07,1.85175090425e-06,3.6629962529e-06,6.655484926e-06,1.10881391999e-05
317.0,8.00859715459e-07,1.6379956558e-06,3.60602248309e-06,6.56853989123e-06,1.0973814502e-05
316.0,7.8685666219e-07,1.61127148823e-06,3.54949348136e-06,6.48191835295e-06,1.08593654638e-05
315.0,7.73029564667e-07,1.58483670893e-06,3.49341359446e-06,6.3956319566e-06,1.07448089065e-05
314.0,7.59377374467e-07,1.55869068681e-06,3.43778704261e-06,6.30969227768e-06,1.06301618397e-05
313.0,7.45899031468e-07,1.53283274931e-06,3.38261791713e-06,6.2241108135e-06,1.05154414569e-05
312.0,7.32593464216e-07,1.50726218254e-06,3.32791017989e-06,6.13889897793e-06,1.0400665127e-05
311.0,7.19459590139e-07,1.48197823231e-06,3.27366766162e-06,6.05406809633e-06,1.02858503877e-05
310.0,7.06496316023e-07,1.45698010445e-06,3.21989406043e-06,5.96962939785e-06,1.01710149378e-05
309.0,6.93702538219e-07,1.43226696536e-06,3.16659294098e-06,5.88559401148e-06,1.00561766285e-05
308.0,6.81077142972e-07,1.40783794277e-06,3.11376773321e-06,5.8019729583e-06,9.94135345649e-06
307.0,6.68619006774e-07,1.38369212615e-06,3.06142173119e-06,5.71877714697e-06,9.82656355434e-06
306.0,6.56326996669e-07,1.3598285674e-06,3.00955809252e-06,5.63601736701e-06,9.71182518321e-06
305.0,6.44199970553e-07,1.33624628151e-06,2.95817983704e-06,5.55370428426e-06,9.59715672263e-06
304.0,6.32236777461e-07,1.31294424693e-06,2.90728984648e-06,5.47184843334e-06,9.48257666107e-06
303.0,6.20436257941e-07,1.28992140651e-06,2.85689086356e-06,5.39046021417e-06,9.36810358845e-06
302.0,6.08797244299e-07,1.26717666792e-06,2.80698549113e-06,5.30954988449e-06,9.25375618439e-06
301.0,5.97318560959e-07,1.24470890427e-06,2.75757619214e-06,5.22912755593e-06,9.13955321013e-06
300.0,5.85999024709e-07,1.2225169549e-06,2.70866528888e-06,5.14920318771e-06,9.0255134964e-06
299.0,5.74837445056e-07,1.20059962583e-06,2.66025496272e-06,5.06978658177e-06,8.91165593573e-06
298.0,5.63832624496e-07,1.1789556905e-06,2.61234725363e-06,4.99088737748e-06,8.79799946916e-06
297.0,5.52983358862e-07,1.15758389043e-06,2.56494406035e-06,4.91251504625e-06,8.68456307859e-06
296.0,5.42288437508e-07,1.13648293578e-06,2.51804714003e-06,4.83467888745e-06,8.57136577282e-06
295.0,5.31746643748e-07,1.11565150606e-06,2.47165810822e-06,4.75738802235e-06,8.45842657887e-06
294.0,5.21356755042e-07,1.0950882508e-06,2.42577843892e-06,4.6806513903e-06,8.3457645302e-06
293.0,5.11117543323e-07,1.07479179014e-06,2.38040946485e-06,4.60447774399e-06,8.23339865474e-06
292.0,5.01027775316e-07,1.05476071554e-06,2.3355523775e-06,4.5288756445e-06,8.12134796459e-06
291.0,4.91086212755e-07,1.03499359044e-06,2.29120822751e-06,4.45385345726e-06,8.00963144318e-06
290.0,4.81291612724e-07,1.01548895083e-06,2.24737792506e-06,4.37941934813e-06,7.8982680348e-06
289.0,4.71642727902e-07,9.96245306013e-07,2.20406224029e-06,4.30558127899e-06,7.78727663241e-06
288.0,4.62138306895e-07,9.77261139263e-07,1.94830401656e-06,4.23234700363e-06,7.6766760659e-06
287.0,4.52777094432e-07,9.58534908397e-07,1.91348049161e-06,4.15972406438e-06,7.56648508926e-06
286.0,4.43557831681e-07,9.4006504646e-07,1.87906609361e-06,4.08771978864e-06,7.45672237091e-06
285.0,4.34479256559e-07,9.21849962502e-07,1.84506005795e-06,4.0163412848e-06,7.347406479e-06
284.0,4.2554010393e-07,9.03888042059e-07,1.81146154333e-06,3.94559543948e-06,7.23855587205e-06
283.0,4.16739105921e-07,8.86177647983e-07,1.77826963278e-06,3.87548891431e-06,7.13018888458e-06
282.0,4.08074992123e-07,8.6871712092e-07,1.74548333471e-06,3.80602814306e-06,7.02232371675e-06
281.0,3.99546489931e-07,8.5150478011e-07,1.71310158405e-06,3.7372193284e-06,6.91497842196e-06
280.0,3.91152324777e-07,8.34538924018e-07,1.68112324332e-06,3.66906844006e-06,6.80817089467e-06
279.0,3.82891220316e-07,8.17817830882e-07,1.64954710366e-06,3.60158121153e-06,6.70191885901e-06
278.0,3.74761898783e-07,8.01339759526e-07,1.61837188618e-06,3.53476313886e-06,6.59623985663e-06
277.0,3.66763081163e-07,7.85102949847e-07,1.58759624282e-06,3.46861947767e-06,6.49115123524e-06
276.0,3.58893487475e-07,7.69105623529e-07,1.5572187578e-06,3.40315524162e-06,6.38667013704e-06
275.0,3.51151837003e-07,7.53345984769e-07,1.52723794869e-06,3.33837520098e-06,6.28281348643e-06
274.0,3.43536848546e-07,7.37822220754e-07,1.49765226759e-06,3.27428388064e-06,6.17959798059e-06
273.0,3.36047240626e-07,7.22532502416e-07,1.46846010237e-06,3.21088555912e-06,6.07704007614e-06
272.0,3.28681731763e-07,7.07474984997e-07,1.43965977789e-06,3.14818426725e-06,5.97515597962e-06
271.0,3.21439040688e-07,6.92647808759e-07,1.4112495572e-06,3.08618378755e-06,5.87396163565e-06
270.0,3.1431788656e-07,6.78049099479e-07,1.38322764297e-06,3.02488765296e-06,5.77347271749e-06
269.0,3.07316989206e-07,6.63676969195e-07,1.35559217849e-06,2.96429914643e-06,5.67370461531e-06
268.0,3.0043506933e-07,6.49529516713e-07,1.32834124915e-06,2.90442130112e-06,5.57467242682e-06
267.0,2.93670848769e-07,6.35604828348e-07,1.3014728836e-06,2.84525689908e-06,5.47639094718e-06
266.0,2.87023050643e-07,6.21900978433e-07,1.274985055e-06,2.7868084723e-06,5.3788746592e-06
265.0,2.8049039964e-07,6.08416029913e-07,1.24887568258e-06,2.72907830218e-06,5.28213772338e-06
264.0,2.74071622175e-07,5.9514803498e-07,1.22314263248e-06,2.67206842018e-06,5.18619397018e-06
263.0,2.67765446627e-07,5.82095035696e-07,1.19778371951e-06,2.3561481126e-06,5.09105688949e-06
262.0,2.61570603521e-07,5.69255064514e-07,1.17279670817e-06,2.31040666727e-06,4.99673962333e-06
261.0,2.55485825749e-07,5.56626144872e-07,1.14817931398e-06,2.26524028511e-06,4.90325495649e-06
260.0,2.49509848748e-07,5.44206291824e-07,1.12392920495e-06,2.22064828537e-06,4.81061530989e-06
259.0,2.43641410722e-07,5.31993512545e-07,1.10004400276e-06,2.176629846e-06,4.71883273189e-06
258.0,2.37879252804e-07,5.19985806901e-07,1.07652128402e-06,2.13318400519e-06,4.62791889167e-06
257.0,2.32222119276e-07,5.08181168055e-07,1.05335858182e-06,2.0903096635e-06,4.5378850721e-06
256.0,2.26668757717e-07,4.96577582988e-07,1.03055338671e-06,2.04800558585e-06,4.4487421631e-06
255.0,2.21217919221e-07,4.85173033049e-07,1.00810314827e-06,2.00627040338e-06,4.36050065596e-06
254.0,2.15868358568e-07,4.73965494468e-07,9.86005276364e-07,1.96510261559e-06,4.27317063717e-06
253.0,2.10618834376e-07,4.62952938927e-07,9.64257142317e-07,1.9245005925e-06,4.18676178299e-06
252.0,2.05468109321e-07,4.52133334101e-07,9.42856080314e-07,1.88446257669e-06,4.10128335503e-06
251.0,2.00414950266e-07,4.41504644143e-07,9.21799388763e-07,1.84498668564e-06,4.01674419501e-06
250.0,1.95458128446e-07,4.31064830192e-07,9.01084331435e-07,1.80607091384e-06,3.93315272078e-06
249.0,1.90596419634e-07,4.20811850923e-07,8.80708138854e-07,1.76771313526e-06,3.85051692267e-06
248.0,1.85828604306e-07,4.10743663016e-07,8.60668009529e-07,1.72991110531e-06,3.76884436014e-06
247.0,1.81153467789e-07,4.00858221666e-07,8.40961111256e-07,1.69266246365e-06,3.68814215856e-06
246.0,1.76569800416e-07,3.91153481056e-07,8.21584582372e-07,1.65596473609e-06,3.60841700713e-06
245.0,1.72076397703e-07,3.81627394865e-07,8.02535532991e-07,1.61981533748e-06,3.52967515613e-06
244.0,1.67672060469e-07,3.72277916725e-07,7.83811046279e-07,1.58421157374e-06,3.45192241589e-06
243.0,1.63355594997e-07,3.63103000683e-07,7.65408179714e-07,1.54915064455e-06,3.37516415481e-06
242.0,1.59125813181e-07,3.54100601677e-07,7.47323966251e-07,1.51462964569e-06,3.29940529921e-06
241.0,1.5498153266e-07,3.45268675988e-07,7.29555415617e-07,1.48064557171e-06,3.22465033203e-06
240.0,1.50921576968e-07,3.36605181665e-07,7.12099515468e-07,1.44719531825e-06,2.83694717312e-06
239.0,1.46944775651e-07,3.28108079006e-07,6.94953232614e-07,1.41427568475e-06,2.77708925682e-06
238.0,1.43049964414e-07,3.1977533096e-07,6.78113514249e-07,1.38188337683e-06,2.71803646407e-06
237.0,1.39235985248e-07,3.11604903561e-07,6.61577289035e-07,1.35001500899e-06,2.65978855125e-06
236.0,1.35501686558e-07,3.03594766364e-07,6.45341468368e-07,1.31866710708e-06,2.60234501629e-06
235.0,1.31845923279e-07,2.95742892823e-07,6.29402947424e-07,1.28783611091e-06,2.54570510181e-06
234.0,1.28267557015e-07,2.88047260732e-07,6.13758606449e-07,1.25751837683e-06,2.48986779872e-06
233.0,1.24765456132e-07,2.80505852592e-07,5.98405311763e-07,1.22771018024e-06,2.43483184953e-06
232.0,1.21338495896e-07,2.73116656045e-07,5.83339916942e-07,1.19840771827e-06,2.38059575205e-06
231.0,1.17985558582e-07,2.65877664208e-07,5.68559263888e-07,1.16960711231e-06,2.32715776294e-06
230.0,1.14705533565e-07,2.58786876082e-07,5.54060183945e-07,1.14130441059e-06,2.27451590194e-06
229.0,1.11497317461e-07,2.51842296924e-07,5.39839498969e-07,1.11349559074e-06,2.22266795562e-06
228.0,1.08359814208e-07,2.45041938594e-07,5.2589402238e-07,1.0861765623e-06,2.17161148164e-06
227.0,1.05291935169e-07,2.38383819918e-07,5.12220560247e-07,1.05934316947e-06,2.12134381271e-06
226.0,1.02292599239e-07,2.3186596705e-07,4.98815912263e-07,1.03299119344e-06,2.07186206113e-06
225.0,9.93607329392e-08,2.254864138e-07,4.85676872848e-07,1.00711635499e-06,2.02316312322e-06
224.0,9.64952705138e-08,2.19243201963e-07,4.72800232076e-07,9.81714317115e-07,1.97524368336e-06
223.0,9.3695154017e-08,2.13134381675e-07,4.60182776703e-07,9.56780687403e-07,1.92810021916e-06
222.0,9.0959333406e-08,2.07158011718e-07,4.47821291143e-07,9.32311020608e-07,1.8817290057e-06
221.0,8.8286766622e-08,2.01312159824e-07,4.35712558439e-07,9.08300821096e-07,1.83612612019e-06
220.0,8.56764196801e-08,1.95594903008e-07,4.23853361168e-07,8.84745545327e-07,1.79128744705e-06
219.0,8.31272667477e-08,1.90004327861e-07,4.12240482437e-07,8.6164060429e-07,1.74720868234e-06
218.0,8.0638290221e-08,1.84538530834e-07,4.00870706719e-07,8.38981365892e-07,1.70388533891e-06
217.0,7.82084808067e-08,1.79195618534e-07,3.8974082084e-07,8.16763157387e-07,1.66131275113e-06
216.0,7.58368375901e-08,1.73973708013e-07,3.78847614802e-07,7.94981267809e-07,1.61948607994e-06
215.0,7.3522368109e-08,1.68870927041e-07,3.68187882642e-07,7.73630950189e-07,1.57840031781e-06
214.0,7.12640884245e-08,1.63885414359e-07,3.57758423364e-07,7.52707424034e-07,1.53805029362e-06
213.0,6.90610231796e-08,1.59015319958e-07,3.47556041695e-07,7.32205877505e-07,1.49843067783e-06
212.0,6.69122056712e-08,1.54258805328e-07,3.37577548929e-07,7.12121469778e-07,1.45953598755e-06
211.0,6.4816677907e-08,1.49614043707e-07,3.27819763777e-07,6.92449333303e-07,1.42136059146e-06
210.0,6.27734906688e-08,1.45079220328e-07,3.18279513083e-07,6.73184575927e-07,1.38389871492e-06
209.0,6.07817035608e-08,1.40652532654e-07,3.08953632682e-07,6.54322283215e-07,1.34714444511e-06
208.0,5.88403850728e-08,1.36332190595e-07,2.99838968085e-07,6.35857520501e-07,1.31109173605e-06
207.0,5.69486126243e-08,1.32116416748e-07,2.9093237526e-07,6.17785335104e-07,1.27573441364e-06
206.0,5.51054726214e-08,1.28003446612e-07,2.82230721363e-07,6.00100758442e-07,1.24106618069e-06
205.0,5.33100604961e-08,1.23991528793e-07,2.73730885443e-07,5.82798808008e-07,1.20708062206e-06
204.0,5.15614807593e-08,1.20078925212e-07,2.65429759132e-07,5.6587448952e-07,1.17377120958e-06
203.0,4.98588470346e-08,1.16263911301e-07,2.57324247328e-07,5.49322798847e-07,1.14113130707e-06
202.0,4.8201282105e-08,1.12544776201e-07,2.49411268882e-07,5.3313872408e-07,1.10915417532e-06
201.0,4.65879179479e-08,1.08919822942e-07,2.4168775722e-07,5.17317247401e-07,1.07783297703e-06
200.0,4.50178957721e-08,1.05387368636e-07,2.34150660992e-07,5.01853346978e-07,1.04716078171e-06
199.0,4.34903660489e-08,1.01945744635e-07,2.26796944704e-07,4.86741998972e-07,1.01713057051e-06
198.0,4.20044885456e-08,9.8593296714e-08,2.19623589287e-07,4.71978179218e-07,9.87735241137e-07
197.0,4.05594323539e-08,9.5328385223e-08,2.12627592733e-07,4.57556865157e-07,9.58967612573e-07
196.0,3.91543759143e-08,9.21493852579e-08,2.05805970635e-07,4.43473037547e-07,9.30820429794e-07
195.0,3.7788507045e-08,8.90546867931e-08,1.99155756762e-07,4.29721682254e-07,9.0328636859e-07
194.0,3.64610229601e-08,8.60426948488e-08,1.92674003602e-07,4.16297791915e-07,8.76358040032e-07
193.0,3.51711302914e-08,8.31118296143e-08,1.86357782893e-07,4.03196367644e-07,8.50027995188e-07
192.0,3.39180451069e-08,8.02605265888e-08,1.80204186128e-07,3.90412420666e-07,8.242887296e-07
191.0,3.27009929258e-08,7.74872367128e-08,1.74210325086e-07,3.77940973899e-07,7.99132687808e-07
190.0,3.15192087322e-08,7.47904264869e-08,1.68373332281e-07,3.65777063558e-07,7.74552267676e-07
189.0,3.03719369868e-08,7.21685780907e-08,1.62690361461e-07,3.53915740659e-07,7.50539824832e-07
188.0,2.92584316385e-08,6.96201895007e-08,1.57158588056e-07,3.42352072553e-07,7.27087676932e-07
187.0,2.81779561261e-08,6.71437745868e-08,1.51775209627e-07,3.3108114436e-07,7.0418810785e-07
186.0,2.71297833913e-08,6.47378632224e-08,1.46537446291e-07,3.20098060412e-07,6.81833371862e-07
185.0,2.61131958755e-08,6.24010013801e-08,1.41442541144e-07,3.09397945676e-07,6.60015697764e-07
184.0,2.51274855252e-08,6.01317512186e-08,1.36487760658e-07,2.9897594706e-07,6.38727292853e-07
183.0,2.41719537877e-08,5.79286911732e-08,1.31670395077e-07,2.888272348e-07,6.17960346849e-07
182.0,2.32459116118e-08,5.57904160311e-08,1.26987758784e-07,2.7894700372e-07,5.97707035872e-07
181.0,2.23486794395e-08,5.37155370112e-08,1.2243719067e-07,2.69330474496e-07,5.77959526117e-07
180.0,2.14795872022e-08,5.17026818352e-08,1.18016054481e-07,2.59972894901e-07,5.58709977721e-07
179.0,2.0637974309e-08,4.97504947882e-08,1.13721739156e-07,2.5086954097e-07,5.39950548296e-07
178.0,1.98231896374e-08,4.78576367823e-08,1.09551659144e-07,2.42015718189e-07,5.21673396621e-07
177.0,1.90345915206e-08,4.60227854124e-08,1.05503254722e-07,2.334067626e-07,5.03870686054e-07
176.0,1.82715477313e-08,4.42446350039e-08,1.01573992289e-07,2.25038041909e-07,4.86534588019e-07
175.0,1.75334354664e-08,4.2521896659e-08,9.77613646467e-08,2.16904956531e-07,4.69657285367e-07
174.0,1.68196413267e-08,4.08532982994e-08,9.40628912736e-08,2.09002940643e-07,4.53230975631e-07
173.0,1.6129561298e-08,3.9237584699e-08,9.04761185904e-08,2.01327463153e-07,4.37247874232e-07
172.0,1.54626007268e-08,3.76735175141e-08,8.69986202009e-08,1.93874028681e-07,4.21700217607e-07
171.0,1.48181742972e-08,3.61598753131e-08,8.36279971275e-08,1.86638178495e-07,4.06580266292e-07
170.0,1.41957060035e-08,3.4695453595e-08,8.0361878038e-08,1.79615491402e-07,3.9188030782e-07
169.0,1.35946291226e-08,3.32790648064e-08,7.71979194507e-08,1.72801584618e-07,3.77592659705e-07
168.0,1.30143861831e-08,3.19095383548e-08,7.41338059411e-08,1.66192114624e-07,3.63709672187e-07
167.0,1.24544289338e-08,3.05857206113e-08,7.11672503204e-08,1.59782777959e-07,3.50223731039e-07
166.0,1.19142183099e-08,2.93064749203e-08,6.82959938209e-08,1.53569312004e-07,3.37127260183e-07
165.0,1.13932243972e-08,2.80706815904e-08,6.55178062505e-08,1.47547495732e-07,3.24412724315e-07
164.0,1.08909263943e-08,2.6877237893e-08,6.28304861543e-08,1.4171315043e-07,3.12072631407e-07
163.0,1.04068125735e-08,2.57250580486e-08,6.0231860951e-08,1.36062140385e-07,3.00099535164e-07
162.0,9.94038023936e-09,2.46130732129e-08,5.7719787062e-08,1.3059037355e-07,2.88486037376e-07
161.0,9.49113568647e-09,2.35402314541e-08,5.52921500351e-08,1.25293802173e-07,2.77224790222e-07
160.0,9.05859415388e-09,2.25054977321e-08,5.29468646488e-08,1.20168423403e-07,2.66308498487e-07
159.0,8.64227977965e-09,2.15078538667e-08,5.06818750133e-08,1.15210279865e-07,2.55729921711e-07
158.0,8.24172555113e-09,2.05462985061e-08,4.84951546515e-08,1.10415460218e-07,2.45481876275e-07
157.0,7.85647325652e-09,1.96198470889e-08,4.63847065791e-08,1.05780099659e-07,2.35557237388e-07
156.0,7.48607343269e-09,1.87275318026e-08,4.43485633682e-08,1.01300380429e-07,2.25948941037e-07
155.0,7.13008531144e-09,1.78684015368e-08,4.23847872023e-08,9.69725322802e-08,2.16649985841e-07
154.0,6.78807676494e-09,1.70415218339e-08,4.04914699209e-08,9.2792832914e-08,2.07653434861e-07
153.0,6.45962424875e-09,1.62459748341e-08,3.86667330499e-08,8.87576083935e-08,1.98952417294e-07
152.0,6.14431274366e-09,1.5480859217e-08,3.69087278301e-08,8.48632335339e-08,1.90540130173e-07
151.0,5.84173569555e-09,1.47452901382e-08,3.52156352254e-08,8.11061322672e-08,1.82409839928e-07
150.0,5.5514949538e-09,1.40383991635e-08,3.35856659325e-08,7.74827779763e-08,1.74554883909e-07
149.0,5.273200708e-09,1.33593341976e-08,3.20170603684e-08,7.39896938087e-08,1.66968671872e-07
148.0,5.00647142324e-09,1.27072594078e-08,3.05080886551e-08,7.06234529653e-08,1.59644687347e-07
147.0,4.75093377368e-09,1.20813551472e-08,2.90570505963e-08,6.73806789589e-08,1.52576488967e-07
146.0,4.50622257465e-09,1.14808178707e-08,2.7662275638e-08,6.4258045858e-08,1.45757711758e-07
145.0,4.27198071316e-09,1.09048600474e-08,2.63221228235e-08,6.12522784984e-08,1.39182068317e-07
144.0,4.04785907698e-09,1.03527100711e-08,2.50349807398e-08,5.83601526719e-08,1.32843349967e-07
143.0,3.83351648218e-09,9.82361216522e-09,2.37992674515e-08,5.55784953003e-08,1.26735427828e-07
142.0,3.6286195994e-09,9.31682628389e-09,2.26134304253e-08,5.29041845716e-08,1.20852253853e-07
141.0,3.4328428781e-09,8.83162801036e-09,2.14759464496e-08,5.03341500646e-08,1.15187861772e-07
140.0,3.24586847034e-09,8.36730845064e-09,2.038532154e-08,4.78653728499e-08,1.09736368004e-07
139.0,3.06738615216e-09,7.92317412389e-09,1.93400908377e-08,4.54948855598e-08,1.04491972497e-07
138.0,2.89709324436e-09,7.49854684922e-09,1.83388184988e-08,4.3219772445e-08,9.94489595143e-08
137.0,2.73469453154e-09,7.09276362829e-09,1.73800975752e-08,4.10371694067e-08,9.46016983679e-08
136.0,2.57990217999e-09,6.7051765254e-09,1.64625498846e-08,3.89442640053e-08,8.99446440915e-08
135.0,2.43243565412e-09,6.33515254268e-09,1.55848258744e-08,3.69382954463e-08,8.54723380599e-08
134.0,2.29202163189e-09,5.98207349314e-09,1.47456044747e-08,3.50165545519e-08,8.11794085527e-08
133.0,2.15839391877e-09,5.64533586914e-09,1.39435929437e-08,3.31763837012e-08,7.706057127e-08
132.0,2.03129336061e-09,5.3243507084e-09,1.31775267052e-08,3.14151767591e-08,7.31106297879e-08
131.0,1.91046775539e-09,5.01854345587e-09,1.24461691751e-08,2.97303789777e-08,6.93244759621e-08
130.0,1.7956717637e-09,4.72735382287e-09,1.17483115831e-08,2.81194868813e-08,6.56970902921e-08
129.0,1.68666681823e-09,4.45023564284e-09,1.10827727834e-08,2.65800481294e-08,6.22235422156e-08
128.0,1.58322103207e-09,4.1866567237e-09,1.04483990586e-08,2.51096613594e-08,5.88989903701e-08
127.0,1.48510910622e-09,3.93609869749e-09,9.84406391491e-09,2.37059760117e-08,5.57186827905e-08
126.0,1.39211223575e-09,3.69805686645e-09,9.26866786969e-09,2.23666921321e-08,5.26779570696e-08
125.0,1.30401801523e-09,3.4720400465e-09,8.72113823105e-09,2.10895601563e-08,4.97722404637e-08
124.0,1.22062034326e-09,3.25757040775e-09,8.20042886982e-09,1.98723806777e-08,4.69970499518e-08
123.0,1.14171932595e-09,3.05418331173e-09,7.70551998386e-09,1.87130041905e-08,4.43479922485e-08
122.0,1.06712117966e-09,2.86142714633e-09,7.23541785428e-09,1.76093308209e-08,4.18207637693e-08
121.0,9.96638132871e-10,2.67886315767e-09,6.78915459548e-09,1.65593100338e-08,3.9411150551e-08
120.0,9.30088327459e-10,2.50606527947e-09,6.36578789624e-09,1.55609403253e-08,3.71150281268e-08
119.0,8.67295718954e-10,2.34261995969e-09,5.96440075534e-09,1.4612268895e-08,3.49283613576e-08
118.0,8.0808997641e-10,2.18812598479e-09,5.58410120872e-09,1.37113913022e-08,3.28472042136e-08
117.0,7.52306381447e-10,2.04219430146e-09,5.22402205061e-09,1.28564511023e-08,3.08676995221e-08
116.0,6.99785726801e-10,1.90444783598e-09,4.88332054741e-09,1.20456394682e-08,2.89860786635e-08
115.0,6.50374214318e-10,1.77452131146e-09,4.56117814511e-09,1.12771947927e-08,2.7198661228e-08
114.0,6.03923352424e-10,1.65206106263e-09,4.25680017028e-09,1.05494022757e-08,2.55018546323e-08
113.0,5.6028985321e-10,1.53672484886e-09,3.96941552434e-09,9.86059349328e-09,2.38921536921e-08
112.0,5.19335529045e-10,1.42818166488e-09,3.6982763722e-09,9.20914595146e-09,2.23661401551e-08
111.0,4.80927188925e-10,1.32611154975e-09,3.44265782421e-09,8.59348262383e-09,2.09204821935e-08
110.0,4.44936534498e-10,1.23020539395e-09,3.20185761272e-09,8.012071473e-09,1.95519338566e-08
109.0,4.11240055825e-10,1.14016474487e-09,2.97519576281e-09,7.46342495664e-09,1.82573344853e-08
108.0,3.79718927015e-10,1.05570161051e-09,2.7620142573e-09,6.94609951868e-09,1.70336080858e-08
107.0,3.50258901687e-10,9.76538261838e-10,2.56167669664e-09,6.45869506518e-09,1.58777626691e-08
106.0,3.22750208383e-10,9.02407033622e-10,2.37356795349e-09,5.99985442612e-09,1.47868895485e-08
105.0,2.97087445953e-10,8.3305012409e-10,2.19709382232e-09,5.56826280233e-09,1.37581626041e-08
104.0,2.73169478981e-10,7.68219393319e-10,2.03168066449e-09,5.16264719874e-09,1.27888375095e-08
103.0,2.50899333333e-10,7.07676160632e-10,1.87677504831e-09,4.78177584459e-09,1.18762509223e-08
102.0,2.30184091819e-10,6.51191001003e-10,1.7318433852e-09,4.42445759938e-09,1.10178196418e-08
101.0,2.10934790123e-10,5.98543540701e-10,1.59637156151e-09,4.08954134698e-09,1.02110397299e-08
100.0,1.93066312976e-10,5.49522252203e-10,1.46986456634e-09,3.7759153766e-09,9.45348560049e-09