,-30.0,-29.0,-28.0,-27.0,-26.0,-25.0,-24.0,-23.0,-22.0,-21.0,-20.0,-19.0,-18.0,-17.0,-16.0,-15.0,-14.0,-13.0,-12.0,-11.0,-10.0,-9.0,-8.0,-7.0,-6.0,-5.0,-4.0,-3.0,-2.0,-1.0,0.0,1.0,2.0,3.0,4.0,5.0,6.0,7.0,8.0,9.0,10.0,11.0,12.0,13.0,14.0,15.0,16.0,17.0,18.0,19.0,20.0,21.0,22.0,23.0,24.0,25.0,26.0,27.0,28.0,29.0
100.0,0.000101007232999,0.000106942114619,0.000112917013102,0.000118909744735,0.000124898934336,0.000130864315451,0.00013678697751,0.000142649555227,0.000148436358631,0.000154133444584,0.000159728633173,0.000165211473798,0.000170573167225,0.000175806450311,0.000180905450438,0.00018586551632,0.000190683031387,0.000195355215129,0.000199879916857,0.00020425540536,0.00020848015698,0.000212552643561,0.000216471120892,0.000220233417416,0.000223836722187,0.000227277370176,0.000230550622877,0.000233650440812,0.000236569244456,0.000239297659266,0.000241824239697,0.000245673883966,0.000249565405084,0.000253490303294,0.000257462800275,0.000261498077753,0.000265612387705,0.000269823185883,0.000274149293504,0.000278611089793,0.000283230742322,0.000288032481088,0.000293042925412,0.000298291474192,0.00030381077353,0.000309637279405,0.000315811937571,0.000322381010101,0.000329397085488,0.000336920323338,0.000345019996989,0.000353776422421,0.000363283391311,0.00037365126751,0.000385010970477,0.000397519154743,0.000411365029473,0.000426779455814,0.00044404726452,0.000463524205579
110.0,8.66747816743e-05,9.19534030819e-05,9.72867393836e-05,0.000102654852528,0.000108038200315,0.000113417930096,0.00011877613405,0.000124096059577,0.000129362271059,0.000134560761379,0.000139679014073,0.000144706018685,0.000149632243403,0.000154449569993,0.000159151196697,0.000163731514858,0.000168185964818,0.000172510876408,0.000176703298409,0.000180760820932,0.000184681393608,0.000188463141921,0.000192104182806,0.000195602440427,0.00019895546182,0.000202160231662,0.000205212985016,0.000208109015866,0.000210842479352,0.000213406184302,0.000215791373161,0.000219278525423,0.000222786862359,0.0002263090337,0.000229856619421,0.000233441943522,0.000237078144691,0.000240779264733,0.000244560356379,0.000248437613708,0.000252428527928,0.000256552073631,0.000260828929928,0.000265281743903,0.000269935444112,0.000274817615295,0.000279958947416,0.000285393775981,0.00029116073591,0.000297303557123,0.000303872038501,0.000310923249464,0.000318523021134,0.000326747815532,0.000335687086578,0.000345446292138,0.000356150776792,0.000367950833707,0.000381028387964,0.000395605936931
120.0,7.5237470514e-05,7.99651132559e-05,8.47574857433e-05,8.959677419e-05,9.44652508825e-05,9.93455511441e-05,0.000104220924017,0.000109075449412,0.000113894216545,0.000118663460506,0.000123370655878,0.000128004568124,0.000132555265001,0.000137014091449,0.00014137361224,0.000145627527114,0.000149770563243,0.000153798349815,0.000157707279026,0.000161494357384,0.000165157050586,0.000168693124459,0.000172100483875,0.000175377010917,0.000178520402661,0.000181528008814,0.000184396668334,0.000187122544216,0.000189700954642,0.000192126198699,0.000194391374012,0.000197592183308,0.000200799844608,0.000204007888967,0.000207225930314,0.000210464186939,0.000213733526536,0.00021704552452,0.000220412537569,0.000223847793272,0.000227365498839,0.000230980971508,0.000234710793486,0.000238572996857,0.000242587282384,0.000246775280524,0.000251160861407,0.000255770506537,0.000260633753335,0.000265783732362,0.000271257817519,0.000277098419557,0.000283353958905,0.000290080069493,0.000297341097327,0.000305211983581,0.000313780651362,0.000323151061515,0.000333447167666,0.00034481809274
130.0,6.59548584701e-05,7.02148948898e-05,7.45462862015e-05,7.89331734015e-05,8.33595539089e-05,8.78095365621e-05,9.22675801195e-05,9.67187078101e-05,0.000101148692042,0.000105544205034,0.000109892933001,0.000114183653105,0.000118406273977,0.000122551841895,0.000126612515573,0.000130581513332,0.000134453036647,0.000138222174286,0.000141884790968,0.000145437404394,0.000148877053731,0.000152201162486,0.000155407397838,0.00015849352801,0.000161457278789,0.000164296189588,0.000167007469064,0.000169587849855,0.000172033441364,0.000174339579455,0.000176500671245,0.000179469019201,0.000182434140283,0.00018539024746,0.000188345437485,0.000191308318331,0.000194288036716,0.000197294316084,0.000200337506496,0.000203428647148,0.000206579543309,0.000209802859642,0.000213112231653,0.000216522399017,0.000220049363417,0.000223710576165,0.000227525160798,0.000231514177658,0.00023570093952,0.000240111389233,0.000244774553745,0.000249723092777,0.000254993965684,0.000260629246207,0.000266677126834,0.000273193163883,0.000280241834427,0.000287898500645,0.00029625191148,0.000305407419876
140.0,5.83114596157e-05,6.21709233795e-05,6.61059031993e-05,7.01023098533e-05,7.41457427238e-05,7.82217206994e-05,8.23159043223e-05,8.64143018491e-05,9.05034531549e-05,9.45705865586e-05,9.86037453616e-05,0.000102591882215,0.000106524920979,0.000110393786917,0.000114190407187,0.00011790768436,0.000121539446142,0.000125080374931,0.000128525920663,0.000131872200546,0.000135115888673,0.000138254098437,0.000141284260032,0.000144203994806,0.000147010987947,0.000149702860185,0.000152277039079,0.000154730629652,0.00015706028416,0.000159262069953,0.000161331334461,0.000164106614749,0.000166871524192,0.000169620808274,0.000172361358003,0.000175100511966,0.000177846071346,0.000180606323662,0.000183390076092,0.000186206698926,0.000189066180423,0.000191979194443,0.000194957182076,0.000198012449736,0.000201158285762,0.00020440909901,0.000207780582927,0.000211289910051,0.000214955963126,0.000218799609751,0.00022284403087,0.00022711511487,0.000231641931825,0.000236457309213,0.000241598533623,0.000247108211934,0.000253035336412,0.000259436611241,0.000266378120536,0.000273937442097
150.0,5.1938726052e-05,5.5452216499e-05,5.90435881686e-05,6.2700338378e-05,6.6409532647e-05,7.01580113012e-05,7.39325932811e-05,7.77202702713e-05,8.15083850847e-05,8.52847891691e-05,8.90379754212e-05,9.27571836899e-05,9.64324777535e-05,0.000100054793647,0.000103615960381,0.000107108694871,0.000110526573554,0.000113863983621,0.000117116056897,0.000120278589551,0.000123347950548,0.00012632098157,0.000129194890799,0.000131967142504,0.000134635343937,0.000137197130731,0.000139650051456,0.000141991451624,0.000144218357047,0.000146327356213,0.000148314480809,0.000150926305821,0.000153522692163,0.000156098805006,0.000158660553896,0.000161214251348,0.00016376661895,0.000166324800815,0.00016889638497,0.000171489432992,0.000174112519105,0.000176774779457,0.000179485972365,0.000182256551828,0.000185097754973,0.000188021706533,0.000191041542598,0.000194171557134,0.000197427375229,0.000200826159089,0.00020438685208,0.000208130470272,0.000212080451509,0.000216263075423,0.000220707970819,0.000225448734098,0.000230523685835,0.000235976803653,0.000241858882583,0.000248228986974
160.0,4.65670945906e-05,4.97795854818e-05,5.30710126028e-05,5.64302870252e-05,5.9845803835e-05,6.33056253359e-05,6.67976659845e-05,7.03098727373e-05,7.38303949816e-05,7.73477388875e-05,8.08509020812e-05,8.43294855205e-05,8.77737806936e-05,9.1174831285e-05,9.45244695493e-05,9.7815328494e-05,0.000101040831599,0.000104195162431,0.000107273216671,0.000110270539392,0.000113183250196,0.000116007958862,0.000118741673764,0.000121381705167,0.000123925564905,0.000126370863909,0.000128715208365,0.000130956095118,0.000133090806503,0.00013511630452,0.000137029123932,0.000139500291887,0.000141952452121,0.000144381103464,0.000146791340638,0.000149188629406,0.00015157880623,0.000153968084151,0.000156363065301,0.000158770760594,0.000161198616976,0.000163654553261,0.000166147004992,0.000168684979647,0.000171278123405,0.000173936800957,0.000176672190394,0.000179496395898,0.000182422580325,0.000185465122821,0.000188639805057,0.000191964032156,0.000195457096258,0.000199140491325,0.000203038291513,0.000207177608291,0.000211589145191,0.000216307876258,0.000221373881137,0.000226833380779
170.0,4.19954713697e-05,4.49443756427e-05,4.79723169379e-05,5.10694616466e-05,5.4225403553e-05,5.74293251361e-05,6.06701639841e-05,6.39367786016e-05,6.721810816e-05,7.05033211448e-05,7.37819487419e-05,7.70439994786e-05,8.02800528382e-05,8.34813304128e-05,8.6639744175e-05,8.97479223406e-05,9.27992139728e-05,9.57876740237e-05,9.87080309968e-05,0.000101555639521,0.000104326420282,0.000107016789737,0.000109623581743,0.000112143963208,0.00011457534538,0.000116915292206,0.000119161426857,0.000121311337112,0.000123362480074,0.000125312086252,0.000127157063007,0.000129505495071,0.000131832450183,0.000134133694696,0.000136413635773,0.000138677028282,0.000140928969692,0.000143174900356,0.000145420609519,0.000147672247303,0.00014993634327,0.000152219832118,0.000154530086879,0.000156874960797,0.000159262838381,0.000161702697252,0.000164204182053,0.000166777691818,0.000169434483921,0.000172186796543,0.000175047993309,0.000178032734761,0.000181157181538,0.000184439235743,0.00018789883022,0.000191558274582,0.00019544267367,0.000199580434135,0.0002040038839,0.000208750032574
180.0,3.80712248573e-05,4.07879405247e-05,4.35831022505e-05,4.6447988914e-05,4.93732710664e-05,5.23491521276e-05,5.5365517155e-05,5.84120840712e-05,6.14785523512e-05,6.45547443698e-05,6.76307352548e-05,7.06969676716e-05,7.3744348895e-05,7.67643283564e-05,7.97489547595e-05,8.26909126293e-05,8.55835389942e-05,8.84208213543e-05,9.11973786337e-05,9.39084270953e-05,9.65497333244e-05,9.91175564803e-05,0.000101608581823,0.000104019847604,0.000106348666813,0.000108592545439,0.000110749098292,0.000112815963272,0.00011479071474,0.000116670776236,0.000118453332611,0.00012069337629,0.000122910291429,0.000125100060754,0.000127266503432,0.00012941376878,0.000131546327826,0.000133668969331,0.00013578680096,0.000137905255339,0.000140030102047,0.000142167465501,0.000144323849362,0.000146506168167,0.000148721786571,0.00015097856761,0.000153284930597,0.000155649920157,0.000158083288444,0.000160595591714,0.000163198304946,0.000165903956677,0.000168726288721,0.000171680445438,0.000174783198229,0.000178053214775,0.000181511380112,0.000185181185128,0.000189089196839,0.000193265631737
190.0,3.46767233918e-05,3.71878094114e-05,3.97762533676e-05,4.24343192063e-05,4.51536426072e-05,4.79253539705e-05,5.07402106862e-05,5.35887342162e-05,5.64613474159e-05,5.93485076449e-05,6.22408315849e-05,6.51292082338e-05,6.80048971879e-05,7.08596101615e-05,7.36855743952e-05,7.64755774554e-05,7.92229935955e-05,8.19217924209e-05,8.45665311352e-05,8.71523320163e-05,8.96748468175e-05,9.21302102493e-05,9.45149841766e-05,9.68260946782e-05,9.90607633601e-05,0.000101216434572,0.000103290699714,0.000105281219539,0.000107185645205,0.00010900153857,0.000110726291901,0.000112869621243,0.000114988784641,0.000117079941362,0.000119146401979,0.000121191793789,0.000123220049852,0.000125235401997,0.000127242378049,0.000129245803682,0.000131250809042,0.000133262840836,0.000135287679713,0.000137331463974,0.000139400719958,0.000141502399451,0.000143643925758,0.000145833248461,0.000148078909033,0.000150390118457,0.000152776848576,0.000155249940319,0.00015782123101,0.000160503704705,0.000163311670671,0.000166260975271,0.00016936925448,0.000172656236855,0.000176144108549,0.000179857955157
200.0,3.17200673791e-05,3.40481505227e-05,3.6452151253e-05,3.89252056547e-05,4.14598134647e-05,4.40479447006e-05,4.66811567454e-05,4.93507179589e-05,5.20477337512e-05,5.4763270976e-05,5.74884767673e-05,6.0214688345e-05,6.29335308429e-05,6.56370008482e-05,6.83175341212e-05,7.09680565421e-05,7.35820181402e-05,7.61534105743e-05,7.86767688765e-05,8.11471588681e-05,8.35601516262e-05,8.59117868481e-05,8.81985267003e-05,9.04172020439e-05,9.25649524908e-05,9.46391618038e-05,9.66373899208e-05,9.85573025665e-05,0.000100396599296,0.000102152940503,0.000103823873809,0.000105880125821,0.00010791163936,0.000109914719034,0.000111892231414,0.000113847349174,0.000115783538344,0.000117704549015,0.000119614409779,0.000121517426126,0.000123418183021,0.000125321552322,0.000127232704759,0.000129157127526,0.000131100647319,0.000133069459815,0.000135070166007,0.000137109816209,0.000139195962871,0.000141336723242,0.00014354085348,0.000145817836121,0.000148177983103,0.000150632557093,0.000153193915065,0.000155875677982,0.000158692932672,0.000161662472148,0.000164803084177,0.000168135897888
210.0,2.91285788486e-05,3.12930617279e-05,3.35317779184e-05,3.58386359635e-05,3.82069088144e-05,4.06293258702e-05,4.30981762002e-05,4.56054195535e-05,4.81428015282e-05,5.07019691144e-05,5.32745830039e-05,5.58524232442e-05,5.84274853435e-05,6.09920643734e-05,6.35388253301e-05,6.60608585595e-05,6.85517197604e-05,7.10054545729e-05,7.34166083617e-05,7.57802220864e-05,7.80918155609e-05,8.0347359584e-05,8.25432384189e-05,8.46762043294e-05,8.67433255679e-05,8.87419292916e-05,9.06695406618e-05,9.25238191335e-05,9.43024928673e-05,9.60032918187e-05,9.76238800389e-05,9.96011138402e-05,0.000101553390361,0.000103477134983,0.000105374823658,0.000107249229686,0.000109103409871,0.00011094069353,0.000112764674758,0.000114579208212,0.000116388408551,0.000118196654097,0.000120008594654,0.000121829163991,0.000123663597431,0.000125517454597,0.000127396648391,0.000129307480339,0.000131256683374,0.000133251472911,0.000135299607401,0.000137409459816,0.000139590101952,0.000141851403594,0.00014420414927,0.000146660176402,0.000149232538471,0.000151935699025,0.000154785763112,0.000157800754091
220.0,2.68441446678e-05,2.88617646094e-05,3.09517707687e-05,3.31087563665e-05,3.53266863018e-05,3.75989762524e-05,3.99185833391e-05,4.22781054533e-05,4.46698860391e-05,4.70861209057e-05,4.95189637071e-05,5.19606268502e-05,5.44034749334e-05,5.68401082928e-05,5.92634346982e-05,6.16667278525e-05,6.40436719331e-05,6.63883919306e-05,6.86954700429e-05,7.09599488097e-05,7.31773219756e-05,7.53435143884e-05,7.74548521678e-05,7.950802474e-05,8.15000400913e-05,8.34281745146e-05,8.52899182478e-05,8.70829178878e-05,8.8804916628e-05,9.04536928952e-05,9.20269980428e-05,9.39320322819e-05,9.58121602931e-05,9.76639089163e-05,9.94894081244e-05,0.00010129107787,0.000103071613517,0.000104833973666,0.000106581370805,0.000108317265048,0.00011004536117,0.000111769609267,0.000113494209151,0.000115223618995,0.000116962568149,0.000118716074883,0.000120489469213,0.000122288421447,0.000124118976884,0.00012598759776,0.000127901213028,0.000129867277504,0.000131893841032,0.000133989630813,0.000136164147303,0.000138427777802,0.000140791930424,0.000143269192157,0.000145873517637,0.000148620453111
230.0,2.48198311667e-05,2.67051057418e-05,2.86608174128e-05,3.06821668564e-05,3.27637384474e-05,3.48995679026e-05,3.70832216399e-05,3.93078853606e-05,4.1566459062e-05,4.38516553733e-05,4.61560981491e-05,4.8472418235e-05,5.07933436276e-05,5.31117815583e-05,5.5420890514e-05,5.7714140683e-05,5.99853618284e-05,6.22287781657e-05,6.44390302141e-05,6.66111840827e-05,6.8740728921e-05,7.08235636108e-05,7.28559738249e-05,7.4834600856e-05,7.67564033879e-05,7.86186135873e-05,8.04186887001e-05,8.21542591395e-05,8.38230740636e-05,8.542294514e-05,8.69516890861e-05,8.87903539974e-05,9.0604369727e-05,9.23903492253e-05,9.41501143516e-05,9.58857705166e-05,9.75996916754e-05,9.92945073955e-05,0.000100973092353,0.000102638558454,0.000104294250006,0.000105943742035,0.000107590841884,0.00010923959467,0.000110894292489,0.000112559487809,0.000114240011508,0.000115940995744,0.000117667902372,0.000119426557353,0.000121223192011,0.000123064492048,0.000124957655337,0.000126910460156,0.000128931345174,0.000131029503772,0.000133214995016,0.000135498874246,0.00013789334849,0.000140411960292
240.0,2.30173866845e-05,2.47829720841e-05,2.66169889526e-05,2.85151775258e-05,3.04726771228e-05,3.24840837038e-05,3.45435190765e-05,3.6644709666e-05,3.87810723985e-05,4.09458049428e-05,4.3131977493e-05,4.5332623194e-05,4.75408245884e-05,4.97497935978e-05,5.19529430693e-05,5.41439482135e-05,5.63167968529e-05,5.84658277971e-05,6.0585757153e-05,6.26716927622e-05,6.47191373469e-05,6.67239811498e-05,6.86824851484e-05,7.05912559263e-05,7.24472134462e-05,7.42475529109e-05,7.59897018332e-05,7.76712733996e-05,7.92900169438e-05,8.08437664502e-05,8.23303875821e-05,8.41077161674e-05,8.58608094054e-05,8.75863542117e-05,8.92858967667e-05,9.09612610039e-05,9.26145334243e-05,9.42480497243e-05,9.58643834068e-05,9.74663368333e-05,9.90569348075e-05,0.000100639421066,0.000102217257644,0.000103794127781,0.000105373941996,0.000106960848189,0.000108559245547,0.0001101738029,0.000111809481884,0.00011347156539,0.000115165691741,0.000116897895659,0.000118674656795,0.000120502956781,0.000122390346462,0.000124345024838,0.000126375931896,0.000128492857761,0.000130706571945,0.000133028975621
250.0,2.14053744333e-05,2.30623561183e-05,2.47857411481e-05,2.65717495881e-05,2.84160183075e-05,3.03136496581e-05,3.22592715999e-05,3.42471075381e-05,3.62710537555e-05,3.83247619851e-05,4.04017245563e-05,4.24953594496e-05,4.45990927243e-05,4.67064359597e-05,4.88110566702e-05,5.09068400287e-05,5.29879406404e-05,5.50488235608e-05,5.70842941831e-05,5.90895169981e-05,6.10600235798e-05,6.29917104821e-05,6.48808278323e-05,6.67239597045e-05,6.85179973042e-05,7.02601060958e-05,7.19476879558e-05,7.3578339322e-05,7.51498063256e-05,7.66599375731e-05,7.81066353699e-05,7.98270103158e-05,8.15236823864e-05,8.31934028004e-05,8.48374701393e-05,8.64574553089e-05,8.8055186459e-05,8.96327353062e-05,9.11924053559e-05,9.27367219215e-05,9.42684246545e-05,9.57904625114e-05,9.73059914082e-05,9.88183748579e-05,0.000100331187741,0.000101848223421,0.000103373504407,0.000104911296996,0.00010646613005,0.000108042818475,0.000109646491718,0.000111282628203,0.000112957096142,0.00011467620159,0.000116446745412,0.000118276089901,0.000120172236978,0.000122143920339,0.000124200713759,0.000126353158865
260.0,1.99577595003e-05,2.15158897158e-05,2.31383979258e-05,2.48219314559e-05,2.65625736895e-05,2.83558849409e-05,3.01969544817e-05,3.20804622796e-05,3.400074864e-05,3.59518895654e-05,3.79277755245e-05,3.99221911811e-05,4.19288936482e-05,4.39416870616e-05,4.59544914024e-05,4.79614038883e-05,4.99567516089e-05,5.19351344576e-05,5.38914578418e-05,5.58209550186e-05,5.77191992111e-05,5.95821060538e-05,6.14059269806e-05,6.31872345114e-05,6.49229003351e-05,6.66100672524e-05,6.8246115998e-05,6.98286278701e-05,7.1355344064e-05,7.28241225706e-05,7.42328931587e-05,7.59001612387e-05,7.75443477173e-05,7.91622604746e-05,8.07549749678e-05,8.23238337919e-05,8.38704318735e-05,8.53966027902e-05,8.69044065602e-05,8.8396119249e-05,8.98742244137e-05,9.13414070512e-05,9.280054971e-05,9.42547314982e-05,9.57072297386e-05,9.71615247071e-05,9.86213076391e-05,0.000100090492169,0.000101573229519,0.00010307392796,0.000104597276483,0.00010614827381,0.000107732262879,0.000109354971781,0.000111022561904,0.000112741684871,0.000114519548745,0.000116363996365,0.000118283597128,0.00012028775494
270.0,1.86528275467e-05,2.01207207689e-05,2.16509880426e-05,2.324065764e-05,2.48862140661e-05,2.65836320821e-05,2.83284215256e-05,3.01156817188e-05,3.19401639591e-05,3.37963401379e-05,3.56784754438e-05,3.75807028514e-05,3.94970971897e-05,4.14217465984e-05,4.33488194066e-05,4.52726247433e-05,4.7187665451e-05,4.90886823415e-05,5.09706890741e-05,5.28289974084e-05,5.46592328378e-05,5.64573409631e-05,5.82195851071e-05,5.99425359918e-05,6.16230542707e-05,6.32582668513e-05,6.48455380118e-05,6.63824361608e-05,6.78666971341e-05,6.92961848073e-05,7.06688496908e-05,7.22864117557e-05,7.38815788985e-05,7.54512095892e-05,7.6996177643e-05,7.85176189778e-05,8.00169172414e-05,8.14956901889e-05,8.29557774369e-05,8.43992295448e-05,8.58282988972e-05,8.72454326957e-05,8.86532679822e-05,9.00546291531e-05,9.14525279228e-05,9.28501661702e-05,9.42509416339e-05,9.5658456644e-05,9.70765304753e-05,9.85092151601e-05,9.99608154431e-05,0.000101435913077,0.000102939396147,0.000104476493955,0.000106052818218,0.000107674411573,0.000109347804476,0.000111080081881,0.000112878961804,0.000114752887112
280.0,1.74723487824e-05,1.88576435947e-05,2.03033434979e-05,2.18068168567e-05,2.33649089048e-05,2.49739697689e-05,2.66298928667e-05,2.83281627171e-05,3.00639108718e-05,3.18319782782e-05,3.36269822241e-05,3.5443385776e-05,3.72755676544e-05,3.91178904647e-05,4.0964765365e-05,4.28107115126e-05,4.4650408848e-05,4.64787431041e-05,4.82908423511e-05,5.00821045838e-05,5.18482162934e-05,5.35851622528e-05,5.52892268461e-05,5.69569876447e-05,5.85853019621e-05,6.01712871815e-05,6.17122958135e-05,6.32058860731e-05,6.4649788834e-05,6.60418717578e-05,6.73801011907e-05,6.8950983838e-05,7.0500205171e-05,7.20246694192e-05,7.35250677539e-05,7.50023485156e-05,7.64577033081e-05,7.78925536501e-05,7.93085387467e-05,8.07075043224e-05,8.20914930567e-05,8.34627368929e-05,8.48236510823e-05,8.61768305778e-05,8.75250486199e-05,8.88712579229e-05,9.02185944181e-05,9.15703838852e-05,9.29301515989e-05,9.43016354442e-05,9.56888024012e-05,9.70958691136e-05,9.85273268e-05,9.9987971143e-05,0.000101482937497,0.000103017742749,0.000104598334182,0.000106231146836,0.000107923170907,0.000109682030673
290.0,1.6400925425e-05,1.77104194043e-05,1.9078394202e-05,2.05025221946e-05,2.19799733764e-05,2.35074381287e-05,2.50811599148e-05,2.66969771452e-05,2.83503731219e-05,3.00365326022e-05,3.17504033264e-05,3.34867606073e-05,3.52402730788e-05,3.70055676296e-05,3.87772917066e-05,4.05501713016e-05,4.23190632167e-05,4.40790004577e-05,4.58252299148e-05,4.75532418239e-05,4.9258790805e-05,5.09379085299e-05,5.25869083209e-05,5.42023822253e-05,5.57811911626e-05,5.73204489018e-05,5.88175007568e-05,6.02698976657e-05,6.16753665748e-05,6.30317778015e-05,6.43371100697e-05,6.586402318e-05,6.73700408758e-05,6.88521093362e-05,7.03107539957e-05,7.17467525047e-05,7.31611214503e-05,7.45551033691e-05,7.5930154619e-05,7.72879341342e-05,7.86302935755e-05,7.99592690646e-05,8.12770745456e-05,8.25860972255e-05,8.38888950527e-05,8.51881964178e-05,8.64869023315e-05,8.77880912742e-05,8.90950266209e-05,9.04111672681e-05,9.17401813773e-05,9.30859637038e-05,9.44526567667e-05,9.58446765578e-05,9.72667428198e-05,9.87239151651e-05,0.000100221635335,0.000101765776726,0.000103362702841,0.00010501933518
300.0,1.54254778805e-05,1.66652406162e-05,1.79616113433e-05,1.93125345366e-05,2.07154728923e-05,2.21674254957e-05,2.36649554571e-05,2.52042264252e-05,2.67810470819e-05,2.83909223489e-05,3.00291098244e-05,3.16906797654e-05,3.3370576805e-05,3.50636815915e-05,3.67648705902e-05,3.84690724187e-05,4.01713192997e-05,4.18667924709e-05,4.35508606189e-05,4.52191107943e-05,4.68673714448e-05,4.84917275911e-05,5.00885282473e-05,5.16543866011e-05,5.31861733809e-05,5.46810042126e-05,5.61362215563e-05,5.75493721039e-05,5.89181802957e-05,6.02405187473e-05,6.15143761536e-05,6.29997595605e-05,6.44650341303e-05,6.59071850047e-05,6.73265869434e-05,6.87238620092e-05,7.00998669074e-05,7.14556804858e-05,7.2792591746e-05,7.41120887465e-05,7.54158484374e-05,7.67057281397e-05,7.79837582687e-05,7.92521370648e-05,8.05132270208e-05,8.17695535948e-05,8.30238058989e-05,8.42788399527e-05,8.55376843925e-05,8.68035489571e-05,8.80798357382e-05,8.93701539433e-05,9.06783378343e-05,9.20084686981e-05,9.33649012866e-05,9.47522947964e-05,9.617564974e-05,9.76403510003e-05,9.91522183927e-05,0.000100717565812
310.0,1.45348368205e-05,1.5710305127e-05,1.69405645402e-05,1.8223803369e-05,1.95577484047e-05,2.09396790707e-05,2.23664505691e-05,2.38345255887e-05,2.5340013837e-05,2.68787183081e-05,2.84461869773e-05,3.00377683895e-05,3.16486695007e-05,3.32740140414e-05,3.49088997536e-05,3.65484529234e-05,3.81878787916e-05,3.98225066763e-05,4.1447828839e-05,4.30595324797e-05,4.46535244021e-05,4.62259482752e-05,4.7773194548e-05,4.92919033336e-05,5.07789607329e-05,5.2231489165e-05,5.36468323693e-05,5.50225358106e-05,5.63563231136e-05,5.76460693432e-05,5.88897716154e-05,6.03358332641e-05,6.17625841077e-05,6.31670458945e-05,6.45494562447e-05,6.59102951467e-05,6.72502729667e-05,6.85703184712e-05,6.9871567146e-05,7.11553501554e-05,7.24231842393e-05,7.36767627813e-05,7.49179482534e-05,7.61487662169e-05,7.73714010568e-05,7.85881936423e-05,7.98016409752e-05,8.10143980318e-05,8.22292819121e-05,8.34492784541e-05,8.46775516816e-05,8.59174559234e-05,8.71725512309e-05,8.84466223025e-05,8.97437011857e-05,9.10680943864e-05,9.24244149533e-05,9.3817619938e-05,9.52530546494e-05,9.67365041515e-05
320.0,1.37194168774e-05,1.48354753849e-05,1.60045668381e-05,1.72250983041e-05,1.84950351177e-05,1.98119115181e-05,2.11728498188e-05,2.25745877989e-05,2.40135137296e-05,2.54857080942e-05,2.69869908708e-05,2.85129729686e-05,3.00591103342e-05,3.16207591167e-05,3.31932303074e-05,3.47718423607e-05,3.63519703801e-05,3.79290907246e-05,3.9498820029e-05,4.10569479402e-05,4.25994630998e-05,4.41225721601e-05,4.5622711827e-05,4.70965541677e-05,4.85410055492e-05,4.99531996873e-05,5.13304854411e-05,5.26704099764e-05,5.39706979665e-05,5.52292274636e-05,5.64440031025e-05,5.785275048e-05,5.92429892062e-05,6.06117758109e-05,6.19592229571e-05,6.32856807091e-05,6.45917252719e-05,6.58781475354e-05,6.71459417845e-05,6.83962948403e-05,6.96305759718e-05,7.08503278844e-05,7.20572587105e-05,7.32532357016e-05,7.44402802025e-05,7.56205645443e-05,7.67964107314e-05,7.79702911215e-05,7.91448312144e-05,8.03228148459e-05,8.15071916155e-05,8.2701087268e-05,8.39078166642e-05,8.51309000453e-05,8.63740826487e-05,8.76413585704e-05,8.89369985282e-05,9.02655826973e-05,9.16320398003e-05,9.30416918427e-05
330.0,1.29709537395e-05,1.40320034443e-05,1.51443881252e-05,1.63067113331e-05,1.75171540929e-05,1.87734824783e-05,2.00730632567e-05,2.14128874131e-05,2.27896010801e-05,2.41995430899e-05,2.56387881428e-05,2.71031943452e-05,2.85884537461e-05,3.00901443747e-05,3.16037823079e-05,3.31248722802e-05,3.46489555451e-05,3.61716537545e-05,3.76887078844e-05,3.91960114666e-05,4.06896375807e-05,4.21658593287e-05,4.36211637147e-05,4.50522590797e-05,4.64560763571e-05,4.78297646061e-05,4.91706813597e-05,5.04763783172e-05,5.17445830985e-05,5.29731775787e-05,5.41601734702e-05,5.55334397179e-05,5.68889977832e-05,5.82239375407e-05,5.95382577306e-05,6.08321894739e-05,6.21061857792e-05,6.33609106484e-05,6.45972282328e-05,6.58161922212e-05,6.70190358595e-05,6.82071628261e-05,6.93821391139e-05,7.05456862454e-05,7.16996757751e-05,7.28461255366e-05,7.39871974631e-05,7.51251973304e-05,7.62625763207e-05,7.74019350148e-05,7.85460291829e-05,7.96977784018e-05,8.08602771657e-05,8.20368086747e-05,8.32308620732e-05,8.44461530508e-05,8.56866482782e-05,8.69565943432e-05,8.8260551849e-05,8.96034351591e-05
340.0,1.22822909291e-05,1.3292307744e-05,1.43520222389e-05,1.54602146268e-05,1.66152611604e-05,1.78151390335e-05,1.90574389108e-05,2.0339384979e-05,2.16578621669e-05,2.30094498691e-05,2.43904613036e-05,2.57969873862e-05,2.72249438612e-05,2.86701203266e-05,3.01282297356e-05,3.15949569957e-05,3.30660053627e-05,3.45371394598e-05,3.60042239157e-05,3.7463256853e-05,3.89103976372e-05,4.03419885453e-05,4.17545702219e-05,4.3144890942e-05,4.45099099908e-05,4.58467953896e-05,4.71529165868e-05,4.8425832506e-05,4.96632756411e-05,5.08631326772e-05,5.20234223422e-05,5.33628880906e-05,5.46854398341e-05,5.59881997098e-05,5.72710625087e-05,5.85341503656e-05,5.97778030277e-05,6.10025675564e-05,6.22091879534e-05,6.33985948559e-05,6.45718957078e-05,6.57303656653e-05,6.6875439355e-05,6.80087037592e-05,6.91318923829e-05,7.02468808907e-05,7.13556842696e-05,7.24604556565e-05,7.35634871026e-05,7.4667212125e-05,7.57742104264e-05,7.68872149379e-05,7.8009121008e-05,7.91429985249e-05,8.02921066433e-05,8.14599118479e-05,8.26501094189e-05,8.38666489436e-05,8.51137643545e-05,8.63960090289e-05
350.0,1.16472057783e-05,1.26097907596e-05,1.36204965338e-05,1.4678262314e-05,1.57816412331e-05,1.69288029199e-05,1.81175432692e-05,1.93453013837e-05,2.06091834337e-05,2.19059928704e-05,2.32322662545e-05,2.45843136916e-05,2.59582627447e-05,2.73501045445e-05,2.87557407863e-05,3.01710302856e-05,3.15918338564e-05,3.30140563311e-05,3.44336847575e-05,3.58468219496e-05,3.72497147582e-05,3.86387767237e-05,4.00106048299e-05,4.13619904225e-05,4.26899243918e-05,4.39915969558e-05,4.52643924292e-05,4.65058794839e-05,4.77137973633e-05,4.88860386994e-05,5.00206294142e-05,5.13278411446e-05,5.26189231477e-05,5.38910289675e-05,5.51439585546e-05,5.63777340954e-05,5.7592591108e-05,5.87889687122e-05,5.99674998124e-05,6.11290011093e-05,6.22744634721e-05,6.34050429559e-05,6.45220524516e-05,6.5626954409e-05,6.67213546818e-05,6.78069977021e-05,6.88857630597e-05,6.99596636046e-05,7.1030845359e-05,7.21015891172e-05,7.3174313979e-05,7.42515829745e-05,7.53361109794e-05,7.64307748542e-05,7.75386262898e-05,7.8662907696e-05,7.98070709906e-05,8.09748000402e-05,8.21700374562e-05,8.33970154782e-05
360.0,1.10602665641e-05,1.19786891621e-05,1.2943715258e-05,1.39544273036e-05,1.50095388421e-05,1.61073950586e-05,1.72459801195e-05,1.84229313246e-05,1.96355599209e-05,2.0880878106e-05,2.21556315884e-05,2.34563368165e-05,2.47793218281e-05,2.61207695808e-05,2.74767624943e-05,2.88433269853e-05,3.02164767591e-05,3.15922537673e-05,3.29667658062e-05,3.43362199621e-05,3.56969512374e-05,3.70454459564e-05,3.83783596161e-05,3.96925292266e-05,4.09849801227e-05,4.22529275613e-05,4.34937734156e-05,4.47050984129e-05,4.58846503976e-05,4.70303291167e-05,4.81401680791e-05,4.94165536871e-05,5.06775811048e-05,5.19204346803e-05,5.31448277651e-05,5.43506908693e-05,5.553816349e-05,5.67075850468e-05,5.78594855534e-05,5.89945760281e-05,6.01137391296e-05,6.12180202822e-05,6.23086193315e-05,6.33868831711e-05,6.44542992884e-05,6.55124905862e-05,6.65632115211e-05,6.76083455255e-05,6.86499042675e-05,6.96900282829e-05,7.07309895626e-05,7.17751960685e-05,7.28251982114e-05,7.38836975711e-05,7.49535579644e-05,7.6037819343e-05,7.71397144092e-05,7.82626883272e-05,7.94104226154e-05,8.05868625872e-05
370.0,1.05167145691e-05,1.13939500121e-05,1.23163300292e-05,1.32830662226e-05,1.42930177402e-05,1.53446900701e-05,1.6436240226e-05,1.75654884086e-05,1.87299360585e-05,1.9926789925e-05,2.11529916084e-05,2.24052517811e-05,2.36800881692e-05,2.49738662e-05,2.62828411827e-05,2.76032008281e-05,2.89311069495e-05,3.02627352601e-05,3.15943122828e-05,3.29221485513e-05,3.42426674154e-05,3.55524290173e-05,3.68481490716e-05,3.8126712403e-05,3.93851812094e-05,4.06207982882e-05,4.18309854745e-05,4.30133377215e-05,4.41656132024e-05,4.52857199873e-05,4.63716997091e-05,4.76185817529e-05,4.8850862211e-05,5.00657557884e-05,5.12628968009e-05,5.24421316163e-05,5.360351122e-05,5.47472828315e-05,5.58738810771e-05,5.69839188131e-05,5.80781780862e-05,5.91576013714e-05,6.02232833206e-05,6.12764633069e-05,6.23185188005e-05,6.3350959904e-05,6.43754250337e-05,6.53936779192e-05,6.64076060919e-05,6.74192209157e-05,6.84306591794e-05,6.94441867267e-05,7.04622035469e-05,7.14872514004e-05,7.25220232728e-05,7.35693755471e-05,7.46323425269e-05,7.57141541047e-05,7.6818256832e-05,7.79483383978e-05
380.0,1.00123662053e-05,1.08511279286e-05,1.17336321589e-05,1.26592070422e-05,1.36268440064e-05,1.46351950368e-05,1.56825759564e-05,1.67669758676e-05,1.78860726983e-05,1.90372545927e-05,2.0217646661e-05,2.14241424057e-05,2.26534389853e-05,2.39020753234e-05,2.51664719908e-05,2.64429717549e-05,2.77278796715e-05,2.90175016804e-05,3.03081807376e-05,3.15963296462e-05,3.28784599147e-05,3.41512061283e-05,3.54113454913e-05,3.66558123976e-05,3.7881707966e-05,3.90863047091e-05,4.0267046591e-05,4.14215447487e-05,4.25475693427e-05,4.36430379534e-05,4.47060009663e-05,4.59246079994e-05,4.7129353486e-05,4.83174821342e-05,4.94885561321e-05,5.06423446144e-05,5.17788169428e-05,5.28981350119e-05,5.40006449175e-05,5.50868682416e-05,5.61574932952e-05,5.72133666336e-05,5.82554848229e-05,5.92849870036e-05,6.03031481475e-05,6.13113733471e-05,6.23111931816e-05,6.33042602602e-05,6.42923471968e-05,6.52773459335e-05,6.62612686268e-05,6.72462502661e-05,6.82345529843e-05,6.92285722151e-05,7.02308449924e-05,7.12440605559e-05,7.22710731024e-05,7.33149175369e-05,7.4378828098e-05,7.54662602784e-05
390.0,9.54353139057e-06,1.03462992581e-05,1.11914627087e-05,1.20784551318e-05,1.30063882295e-05,1.39740479725e-05,1.49798962157e-05,1.60220781327e-05,1.70984355179e-05,1.82065257116e-05,1.93436457836e-05,2.05068613508e-05,2.16930392902e-05,2.28988834243e-05,2.41209721983e-05,2.53557972944e-05,2.65998021335e-05,2.78494192198e-05,2.91011054339e-05,3.03513743948e-05,3.15968252379e-05,3.28341672707e-05,3.40602400987e-05,3.52720290809e-05,3.64666759767e-05,3.76414849177e-05,3.87939238968e-05,3.99216220331e-05,4.10223630162e-05,4.20940751034e-05,4.31348181201e-05,4.43262944945e-05,4.55046315271e-05,4.66671037057e-05,4.78132074339e-05,4.89426409341e-05,5.00552982919e-05,5.11512623584e-05,5.22307969993e-05,5.32943388198e-05,5.43424887395e-05,5.53760037578e-05,5.6395788834e-05,5.74028894935e-05,5.83984850203e-05,5.93838825474e-05,6.03605121476e-05,6.13299230776e-05,6.22937811619e-05,6.32538676576e-05,6.42120794314e-05,6.51704307915e-05,6.61310568507e-05,6.70962187199e-05,6.80683106109e-05,6.90498689788e-05,7.00435839177e-05,7.10523130304e-05,7.20790980374e-05,7.31271843996e-05
400.0,9.10694515222e-06,9.87599010045e-06,1.0686137001e-05,1.15369143484e-05,1.24275432838e-05,1.3356932423e-05,1.43236779923e-05,1.532606949e-05,1.63621009359e-05,1.7429487566e-05,1.8525687632e-05,1.96479288051e-05,2.07932384799e-05,2.19584771667e-05,2.31403740523e-05,2.4335563735e-05,2.55406231296e-05,2.67521075735e-05,2.79665851946e-05,2.91806687478e-05,3.03910442035e-05,3.15944955479e-05,3.278792539e-05,3.3968371136e-05,3.51330166087e-05,3.6279199186e-05,3.74044125792e-05,3.85063055141e-05,3.95826766343e-05,4.06314660013e-05,4.16507436063e-05,4.28161579021e-05,4.39691363516e-05,4.51069830487e-05,4.62291344268e-05,4.73352236472e-05,4.84250753052e-05,4.94986990306e-05,5.05562822377e-05,5.15981823507e-05,5.26249187078e-05,5.363716458e-05,5.46357392505e-05,5.56216006711e-05,5.65958385813e-05,5.75596685499e-05,5.8514426813e-05,5.94615661584e-05,6.04026530342e-05,6.13393657832e-05,6.22734943494e-05,6.3206941274e-05,6.41417244214e-05,6.50799811423e-05,6.60239743329e-05,6.69761004907e-05,6.79388995783e-05,6.89150674145e-05,6.99074705013e-05,7.09191636458e-05
410.0,8.69971006654e-06,9.43711568304e-06,1.02143809889e-05,1.10311204684e-05,1.18866549172e-05,1.27800052962e-05,1.37098915718e-05,1.46747367832e-05,1.56726764539e-05,1.670157323e-05,1.77590365001e-05,1.88424465402e-05,1.99489825655e-05,2.10756539509e-05,2.22193337551e-05,2.33767936422e-05,2.45447392141e-05,2.57198448552e-05,2.68987871588e-05,2.80782761509e-05,2.92550836117e-05,3.04260679188e-05,3.15881949941e-05,3.27385551e-05,3.38743752827e-05,3.49930275486e-05,3.60920328151e-05,3.71690608645e-05,3.82219266126e-05,3.92485830067e-05,4.02471109122e-05,4.13874632963e-05,4.25160640029e-05,4.36302466269e-05,4.47293929862e-05,4.58130765168e-05,4.68810577164e-05,4.79332783205e-05,4.89698546623e-05,4.99910702789e-05,5.09973682894e-05,5.19893436066e-05,5.29677352548e-05,5.3933419095e-05,5.48874010135e-05,5.58308107742e-05,5.67648967987e-05,5.76910217258e-05,5.86106591816e-05,5.95253916387e-05,6.04369095568e-05,6.1347011767e-05,6.22576075041e-05,6.31707197725e-05,6.40884904556e-05,6.50131872532e-05,6.59472124159e-05,6.68931136691e-05,6.78535975615e-05,6.88315451136e-05
420.0,8.31924760174e-06,9.02692908469e-06,9.77327739097e-06,1.05579847968e-05,1.13804629022e-05,1.22398356525e-05,1.313493704e-05,1.4064313757e-05,1.50262329311e-05,1.60186949013e-05,1.70394508226e-05,1.80860247127e-05,1.91557393911e-05,2.0245745646e-05,2.13530538165e-05,2.24745669487e-05,2.36071146021e-05,2.47474864204e-05,2.58924645896e-05,2.70388544089e-05,2.81835122504e-05,2.93233703717e-05,3.04554580918e-05,3.15769190797e-05,3.26850245353e-05,3.37771822548e-05,3.48509416459e-05,3.59039948503e-05,3.69341742718e-05,3.79394467356e-05,3.89179047341e-05,4.00341333794e-05,4.11392748081e-05,4.22306920517e-05,4.33077172218e-05,4.43698689932e-05,4.54168486957e-05,4.64485351407e-05,4.74649784737e-05,4.84663933195e-05,4.94531514576e-05,5.0425774405e-05,5.13849259101e-05,5.23314048199e-05,5.32661382675e-05,5.41901755555e-05,5.51046827363e-05,5.60109379877e-05,5.6910328132e-05,5.78043460826e-05,5.86945894672e-05,5.95827606614e-05,6.04706680028e-05,6.13602285121e-05,6.22534722057e-05,6.31525479411e-05,6.40597312612e-05,6.49774339369e-05,6.59082159099e-05,6.68547994395e-05
430.0,7.96325683114e-06,8.64297768385e-06,9.36021991531e-06,1.01147462061e-05,1.09060509477e-05,1.17333525542e-05,1.25955901683e-05,1.34914250435e-05,1.44192467843e-05,1.53771844059e-05,1.63631220907e-05,1.73747192821e-05,1.84094346526e-05,1.9464553319e-05,2.05372165784e-05,2.16244533641e-05,2.27232125529e-05,2.38303952814e-05,2.494288641e-05,2.60575843965e-05,2.71714288428e-05,2.82814251814e-05,2.9384666001e-05,3.04783487302e-05,3.15597894247e-05,3.26264326353e-05,3.36758573736e-05,3.47057792996e-05,3.57140493875e-05,3.66986493033e-05,3.7657683852e-05,3.87506705826e-05,3.98332146356e-05,4.09027084569e-05,4.19584389922e-05,4.29998747151e-05,4.40266623715e-05,4.50386224109e-05,4.60357433698e-05,4.70181754936e-05,4.79862238022e-05,4.89403409722e-05,4.98811200692e-05,5.08092875637e-05,5.17256966009e-05,5.26313208276e-05,5.35272489249e-05,5.44146798405e-05,5.52949189533e-05,5.61693753363e-05,5.703955991e-05,5.79070850194e-05,5.8773665048e-05,5.9641118566e-05,6.05113718327e-05,6.13864638316e-05,6.22685530999e-05,6.31599262009e-05,6.40630084411e-05,6.49803764616e-05
440.0,7.62967926153e-06,8.28306603971e-06,8.97287420942e-06,9.69893019532e-06,1.04608039164e-05,1.12578004984e-05,1.20889561114e-05,1.29530382224e-05,1.38485504766e-05,1.47737421997e-05,1.57266224523e-05,1.67049783057e-05,1.77063969686e-05,1.87282911617e-05,1.97679270885e-05,2.08224542626e-05,2.18889363529e-05,2.29643822566e-05,2.40457765642e-05,2.51301087013e-05,2.62144000105e-05,2.72957282406e-05,2.83712489516e-05,2.94382134807e-05,3.04939832631e-05,3.15360403891e-05,3.25619944192e-05,3.35695855472e-05,3.45566843156e-05,3.55212881029e-05,3.64615147222e-05,3.75320899292e-05,3.85928470698e-05,3.9641207957e-05,4.06764185593e-05,4.16979013642e-05,4.27052527764e-05,4.36982391187e-05,4.46767915602e-05,4.56410001865e-05,4.65911074742e-05,4.75275014844e-05,4.84507088633e-05,4.93613879701e-05,5.02603223151e-05,5.1148414355e-05,5.20266799621e-05,5.28962435648e-05,5.37583340905e-05,5.46142819115e-05,5.54655167531e-05,5.63135667542e-05,5.71600586183e-05,5.80067192189e-05,5.88553783161e-05,5.97079730422e-05,6.05665536273e-05,6.14332910237e-05,6.2310486456e-05,6.32005826798e-05
450.0,7.31666876062e-06,7.94522412745e-06,8.60914442649e-06,9.30831381058e-06,1.0042371135e-05,1.08107011679e-05,1.16124296668e-05,1.2446422631e-05,1.33112899534e-05,1.42053935067e-05,1.51268596211e-05,1.60735956895e-05,1.70433105563e-05,1.8033538159e-05,1.9041663831e-05,2.00649525504e-05,2.11005783741e-05,2.21456542819e-05,2.31972616499e-05,2.42524786202e-05,2.530840669e-05,2.63621949421e-05,2.74110614444e-05,2.84523114383e-05,2.94833520867e-05,3.05017036403e-05,3.15050070165e-05,3.24910278248e-05,3.3457657059e-05,3.44029086311e-05,3.53249140021e-05,3.63738610782e-05,3.7413594816e-05,3.84415663999e-05,3.94569846717e-05,4.04592300463e-05,4.14478525213e-05,4.2422568214e-05,4.33832548687e-05,4.43299463328e-05,4.5262826457e-05,4.61822226034e-05,4.70885989198e-05,4.79825496499e-05,4.88647926601e-05,4.97361633094e-05,5.05976088857e-05,5.14501835955e-05,5.22950444452e-05,5.31334478596e-05,5.39667472987e-05,5.47963920211e-05,5.56239267355e-05,5.64509926054e-05,5.72793296141e-05,5.81107800518e-05,5.89472937192e-05,5.97909345035e-05,6.06438889696e-05,6.15084764809e-05
460.0,7.02256575504e-06,7.62768007031e-06,8.26714450123e-06,8.94089548976e-06,9.64863484064e-06,1.03898205125e-05,1.11636610325e-05,1.19691138602e-05,1.28048879313e-05,1.36694504537e-05,1.45610379329e-05,1.54776712284e-05,1.64171743124e-05,1.73771962901e-05,1.83552361013e-05,1.93486692727e-05,2.03547759724e-05,2.1370769657e-05,2.23938255512e-05,2.34211082323e-05,2.44497976869e-05,2.54771132388e-05,2.65003348761e-05,2.75168215915e-05,2.85240264805e-05,2.95195084299e-05,3.05009403669e-05,3.14661140927e-05,3.24129418568e-05,3.33394548242e-05,3.42437987307e-05,3.52718579231e-05,3.62912888206e-05,3.72995719509e-05,3.82958826081e-05,3.92795627571e-05,4.02501196137e-05,4.12072227771e-05,4.21507002012e-05,4.30805331467e-05,4.39968504788e-05,4.48999225255e-05,4.57901545629e-05,4.66680804053e-05,4.7534355985e-05,4.83897533585e-05,4.92351550571e-05,5.00715491104e-05,5.09000246906e-05,5.17217685819e-05,5.25380625872e-05,5.33502818346e-05,5.41598941306e-05,5.49684605701e-05,5.57776371403e-05,5.65891778222e-05,5.7404938944e-05,5.82268850753e-05,5.9057096527e-05,5.98977786176e-05
470.0,6.74587502134e-06,7.32883665119e-06,7.94517339091e-06,8.5948690506e-06,9.27768294029e-06,9.99314031459e-06,1.07405262165e-05,1.15188830511e-05,1.23270121324e-05,1.31634792995e-05,1.40266246144e-05,1.49145759705e-05,1.58252663394e-05,1.67564542547e-05,1.77057470018e-05,1.86706259272e-05,1.96484731714e-05,2.06365991431e-05,2.16322699996e-05,2.26327344562e-05,2.36352492699e-05,2.46371028217e-05,2.56356363195e-05,2.66282622337e-05,2.76124796614e-05,2.85858864676e-05,2.95461881321e-05,3.04912033104e-05,3.14188661922e-05,3.23272258808e-05,3.32144429675e-05,3.42223148523e-05,3.52221240448e-05,3.62113804135e-05,3.71892289968e-05,3.81549766573e-05,3.91080912305e-05,4.00481991918e-05,4.09750821032e-05,4.18886720453e-05,4.27890463103e-05,4.36764215458e-05,4.45511475905e-05,4.54137012086e-05,4.62646798906e-05,4.71047958341e-05,4.7934870433e-05,4.87558291663e-05,4.95686971882e-05,5.03745956174e-05,5.11747387057e-05,5.19704318566e-05,5.27630707119e-05,5.35541411308e-05,5.43452206167e-05,5.51379805903e-05,5.59341902878e-05,5.67357217637e-05,5.75445567745e-05,5.8362794926e-05
480.0,6.48524650246e-06,7.04725101326e-06,7.64169366805e-06,8.26860118684e-06,8.92778542923e-06,9.618833558e-06,1.03411013879e-05,1.10937102651e-05,1.18755477094e-05,1.26852719636e-05,1.35213204625e-05,1.43819221027e-05,1.52651130784e-05,1.61687559133e-05,1.70905612239e-05,1.8028111644e-05,1.89788872836e-05,1.99402920607e-05,2.09096801943e-05,2.18843822332e-05,2.28617299387e-05,2.38390795004e-05,2.4813832562e-05,2.57834546781e-05,2.67454908992e-05,2.76975782984e-05,2.86374553358e-05,2.95629680696e-05,3.04720732541e-05,3.13628385364e-05,3.22334398889e-05,3.32217884685e-05,3.42026208357e-05,3.51734761867e-05,3.61334723548e-05,3.70818842053e-05,3.80181433536e-05,3.89418363087e-05,3.98527014337e-05,4.07506247952e-05,4.16356352576e-05,4.25078989834e-05,4.33677135245e-05,4.42155017939e-05,4.50518059952e-05,4.58772817541e-05,4.66926926158e-05,4.74989049083e-05,4.82968832479e-05,4.90876867383e-05,4.98724658689e-05,5.06524603615e-05,5.14289978701e-05,5.22034936813e-05,5.2977451595e-05,5.37524657708e-05,5.45302240341e-05,5.53125122531e-05,5.61012203887e-05,5.6898349831e-05
490.0,6.23945869442e-06,6.78161706833e-06,7.35531295249e-06,7.96061193661e-06,8.597373914e-06,9.26524302201e-06,9.96364057481e-06,1.06917613128e-05,1.14485732497e-05,1.22328212352e-05,1.30430343029e-05,1.38775366955e-05,1.47344623849e-05,1.56117727369e-05,1.65072769206e-05,1.74186545122e-05,1.83434797324e-05,1.92792466502e-05,2.02233947307e-05,2.11733340528e-05,2.21264695987e-05,2.30802240569e-05,2.40320586327e-05,2.497949149e-05,2.59201134829e-05,2.68516010185e-05,2.77717258562e-05,2.86783619178e-05,2.95694890601e-05,3.0443194018e-05,3.1297668635e-05,3.22671241029e-05,3.32295910919e-05,3.41826380883e-05,3.51253585391e-05,3.60569982323e-05,3.69769554706e-05,3.78847797499e-05,3.87801691948e-05,3.96629668371e-05,4.05331560697e-05,4.13908555229e-05,4.22363134217e-05,4.30699017749e-05,4.38921105073e-05,4.47035416851e-05,4.55049040452e-05,4.62970079228e-05,4.70807606165e-05,4.78571625731e-05,4.86273040272e-05,4.93923626735e-05,5.01536020971e-05,5.0912371112e-05,5.16701042674e-05,5.24283232717e-05,5.31886397287e-05,5.39527589216e-05,5.4722485221e-05,5.54997285823e-05
500.0,6.00740420887e-06,6.53075020098e-06,7.08476776295e-06,7.66955768479e-06,8.28502377649e-06,8.93086263501e-06,9.60655621566e-06,1.0311367542e-05,1.10443398187e-05,1.1804299113e-05,1.25898606603e-05,1.3399438745e-05,1.42312599795e-05,1.50833796986e-05,1.59537010743e-05,1.68399964699e-05,1.77399304888e-05,1.86510841035e-05,1.95709792459e-05,2.04971032516e-05,2.14269325173e-05,2.23579548819e-05,2.32876901761e-05,2.4213708615e-05,2.51336466258e-05,2.60452199615e-05,2.69462339216e-05,2.78345906665e-05,2.8708293612e-05,2.95654490617e-05,3.04042651869e-05,3.13554264263e-05,3.23001085691e-05,3.32359093589e-05,3.4161900481e-05,3.50773013046e-05,3.5981479562e-05,3.6873950509e-05,3.77543747912e-05,3.86225551718e-05,3.94784323454e-05,4.03220801699e-05,4.11537003156e-05,4.19736166615e-05,4.27822696273e-05,4.3580210525e-05,4.43680961634e-05,4.51466837595e-05,4.59168263259e-05,4.66794686901e-05,4.74356440898e-05,4.8186471574e-05,4.89331541904e-05,4.967697812e-05,5.04193126999e-05,5.11616115445e-05,5.19054147267e-05,5.26523520845e-05,5.34041479754e-05,5.41626271285e-05
510.0,5.78807719925e-06,6.29357393846e-06,6.82890942867e-06,7.39421632807e-06,7.98943860438e-06,8.61432117218e-06,9.26840216301e-06,9.95100815223e-06,1.06612526251e-05,1.13980378417e-05,1.21600601982e-05,1.2945819038e-05,1.37536287792e-05,1.45816341078e-05,1.54278278699e-05,1.62900712386e-05,1.71661156147e-05,1.8053625714e-05,1.89502032343e-05,1.98534105048e-05,2.07607935341e-05,2.16699039212e-05,2.25783191496e-05,2.34836608476e-05,2.43836106969e-05,2.52759237471e-05,2.61584389793e-05,2.70290870938e-05,2.78858954528e-05,2.87269903528e-05,2.95505967036e-05,3.04840335308e-05,3.14114827279e-05,3.23305712511e-05,3.32403514432e-05,3.41400187459e-05,3.50289128759e-05,3.59065174111e-05,3.67724581183e-05,3.76265000738e-05,3.84685438875e-05,3.92986212416e-05,4.01168898136e-05,4.09236279603e-05,4.17192292029e-05,4.25041967098e-05,4.32791380157e-05,4.40447599431e-05,4.48018639819e-05,4.55513422253e-05,4.62941738544e-05,4.70314224045e-05,4.77642336905e-05,4.84938346978e-05,4.92215332867e-05,4.99487189332e-05,5.06768644777e-05,5.14075290135e-05,5.21423619351e-05,5.28831082827e-05
520.0,5.58056237234e-06,6.06910829756e-06,6.58669177263e-06,7.13347429334e-06,7.70943655218e-06,8.31436798317e-06,8.94785877635e-06,9.60929468878e-06,1.02978549227e-05,1.10125132563e-05,1.17520425298e-05,1.25150224674e-05,1.32998507368e-05,1.41047569997e-05,1.49278196649e-05,1.57669849042e-05,1.66200874735e-05,1.74848727731e-05,1.83590196207e-05,1.92401631209e-05,2.01259170799e-05,2.10138954649e-05,2.1901732371e-05,2.27871001689e-05,2.36677253995e-05,2.45414022762e-05,2.5406003545e-05,2.62594886561e-05,2.70999092455e-05,2.79254119828e-05,2.87342388721e-05,2.96504940708e-05,3.05612356498e-05,3.14641197109e-05,3.23581814879e-05,3.32425948366e-05,3.41166738192e-05,3.49798727433e-05,3.58317849157e-05,3.66721401794e-05,3.75008014777e-05,3.83177607397e-05,3.91231340952e-05,3.99171568129e-05,4.07001779213e-05,4.14726549363e-05,4.22351485792e-05,4.29883177961e-05,4.3732915142e-05,4.44697826327e-05,4.5199848174e-05,4.59241226144e-05,4.6643697596e-05,4.73597440737e-05,4.80735118429e-05,4.87863299009e-05,4.94996078196e-05,5.02148380987e-05,5.09335998621e-05,5.16575634685e-05
530.0,5.38402536763e-06,5.85645957298e-06,6.35716030749e-06,6.8863151501e-06,7.44393837595e-06,8.02986044986e-06,8.6437198284e-06,9.28495740202e-06,9.95281385558e-06,1.06463301243e-05,1.13643510801e-05,1.21055324401e-05,1.28683508165e-05,1.36511167136e-05,1.44519901861e-05,1.52689987714e-05,1.61000572585e-05,1.69429887842e-05,1.77955467075e-05,1.86554367195e-05,1.9520338637e-05,2.03879273674e-05,2.12558925675e-05,2.21219566015e-05,2.2983890439e-05,2.38395272589e-05,2.46867735657e-05,2.5523617728e-05,2.63481359189e-05,2.71584954845e-05,2.79529558743e-05,2.88525470387e-05,2.97470815992e-05,3.06342447248e-05,3.15130566383e-05,3.23826717505e-05,3.32423806796e-05,3.40916107278e-05,3.49299250154e-05,3.57570204178e-05,3.65727245103e-05,3.73769917447e-05,3.81698989946e-05,3.89516407056e-05,3.97225237238e-05,4.04829621818e-05,4.12334723299e-05,4.19746675768e-05,4.27072539638e-05,4.34320258945e-05,4.41498625197e-05,4.48617247288e-05,4.55686527234e-05,4.62717644374e-05,4.69722546956e-05,4.76713953562e-05,4.83705362819e-05,4.90711073324e-05,4.9774621555e-05,5.04826792695e-05
540.0,5.19770430725e-06,5.6548113657e-06,6.13944274418e-06,6.65180959325e-06,7.19195689929e-06,7.75975294973e-06,8.35488096699e-06,8.97683323079e-06,9.62490796944e-06,1.029820921e-05,1.09956497271e-05,1.17159571034e-05,1.2457682845e-05,1.32192143801e-05,1.39987896864e-05,1.47945141887e-05,1.56043795353e-05,1.6426283737e-05,1.72580521888e-05,1.80974590278e-05,1.89422482971e-05,1.97901544258e-05,2.06389215438e-05,2.14863212369e-05,2.23301684034e-05,2.31683349321e-05,2.39987610367e-05,2.48194640991e-05,2.56285450291e-05,2.64241921344e-05,2.72046825825e-05,2.80881037918e-05,2.89669088958e-05,2.98388120481e-05,3.07028203771e-05,3.15580708595e-05,3.24038327523e-05,3.32395084431e-05,3.40646329994e-05,3.48788724755e-05,3.56820212223e-05,3.6473998369e-05,3.7254843676e-05,3.80247128919e-05,3.87838728522e-05,3.95326964484e-05,4.02716576302e-05,4.10013265058e-05,4.17223647818e-05,4.24355215991e-05,4.31416297492e-05,4.38416026028e-05,4.45364315108e-05,4.52271840749e-05,4.59150030774e-05,4.6601106319e-05,4.72867872456e-05,4.79734166163e-05,4.86624452567e-05,4.9355407649e-05
550.0,5.02090236006e-06,5.46341668519e-06,5.93274062584e-06,6.4291066172e-06,6.95258772514e-06,7.50308711136e-06,8.08032953237e-06,8.68385518415e-06,9.31301617738e-06,9.96697583776e-06,1.06447109745e-05,1.13450171622e-05,1.20665169763e-05,1.28076710574e-05,1.35667917666e-05,1.43420591044e-05,1.51315385162e-05,1.59332001332e-05,1.67449389523e-05,1.756459546e-05,1.83899761664e-05,1.92188735977e-05,2.00490852505e-05,2.08784311297e-05,2.17047695234e-05,2.25260107215e-05,2.33401285303e-05,2.41451693942e-05,2.49392591187e-05,2.57206071898e-05,2.64875087543e-05,2.73552320905e-05,2.82187637951e-05,2.9075846892e-05,2.99254772036e-05,3.0766776153e-05,3.15989935506e-05,3.24215088426e-05,3.32338310597e-05,3.4035597433e-05,3.48265711181e-05,3.56066379471e-05,3.63758025614e-05,3.71341840597e-05,3.78820112678e-05,3.86196178717e-05,3.93474375585e-05,4.00659991823e-05,4.07759222779e-05,4.14779128054e-05,4.21727594312e-05,4.28613302954e-05,4.35445703162e-05,4.42234992987e-05,4.48992106078e-05,4.55728708139e-05,4.62457200263e-05,4.69190731697e-05,4.75943223617e-05,4.82729400786e-05
560.0,4.85298118213e-06,5.2815909759e-06,5.73632194168e-06,6.21742571358e-06,6.72500102574e-06,7.2589831998e-06,7.81913553986e-06,8.40504293814e-06,9.01610798226e-06,9.65154975194e-06,1.03104054732e-05,1.09915350627e-05,1.16936285614e-05,1.24152163113e-05,1.31546816894e-05,1.39102761023e-05,1.46801358663e-05,1.54623005733e-05,1.62547324619e-05,1.70553363103e-05,1.7861979372e-05,1.86725108473e-05,1.9484780483e-05,2.02966558712e-05,2.1106038106e-05,2.19108755391e-05,2.27091754052e-05,2.34990132022e-05,2.42785397385e-05,2.50459858625e-05,2.579966492e-05,2.66521418796e-05,2.75008361264e-05,2.83435194358e-05,2.91791779961e-05,3.0006919409e-05,3.08259758369e-05,3.16357056529e-05,3.24355937005e-05,3.32252503109e-05,3.40044093132e-05,3.47729251577e-05,3.55307692955e-05,3.62780260554e-05,3.70148881421e-05,3.77416519749e-05,3.84587128664e-05,3.91665603717e-05,3.98657738036e-05,4.05570179812e-05,4.12410395077e-05,4.1918663414e-05,4.2590790433e-05,4.32583948627e-05,4.39225231838e-05,4.45842933336e-05,4.52448948619e-05,4.59055898676e-05,4.65677150271e-05,4.72326843887e-05
570.0,4.69335511623e-06,5.10870594913e-06,5.54951458876e-06,6.01604996441e-06,6.50843426731e-06,7.02663247858e-06,7.57044368702e-06,8.13949449647e-06,8.73323479729e-06,9.35093611635e-06,9.99169269742e-06,1.0654425378e-05,1.13378882568e-05,1.20406780497e-05,1.27612459565e-05,1.34979117601e-05,1.42488798391e-05,1.50122566856e-05,1.57860694888e-05,1.65682853227e-05,1.73568304717e-05,1.81496094084e-05,1.89445230056e-05,1.9739485584e-05,2.05324404412e-05,2.13213735944e-05,2.21043255066e-05,2.2879400678e-05,2.36447749873e-05,2.43987007858e-05,2.5139509804e-05,2.59771725499e-05,2.68114464431e-05,2.76401318722e-05,2.84622069217e-05,2.92767669894e-05,3.00830282999e-05,3.08803298597e-05,3.16681340989e-05,3.24460262272e-05,3.32137125508e-05,3.39710179298e-05,3.4717882396e-05,3.54543573285e-05,3.61806011127e-05,3.68968746545e-05,3.76035367507e-05,3.83010394577e-05,3.89899236918e-05,3.96708150545e-05,4.03444199732e-05,4.10115223969e-05,4.16729809476e-05,4.23297266114e-05,4.29827612163e-05,4.36331565205e-05,4.42820540972e-05,4.49306660183e-05,4.55802764983e-05,4.62322443558e-05
580.0,4.54148605269e-06,4.94418411738e-06,5.37170057574e-06,5.82431991531e-06,6.30218575276e-06,6.80529042512e-06,7.33346625224e-06,7.88637877262e-06,8.46352222745e-06,9.0642174954e-06,9.68761265647e-06,1.03326862428e-05,1.09982532e-05,1.16829734679e-05,1.23853630237e-05,1.31038071448e-05,1.38365755767e-05,1.45818392433e-05,1.53376880661e-05,1.61021494709e-05,1.68732070974e-05,1.76488192929e-05,1.84269369317e-05,1.92055201939e-05,1.99825539477e-05,2.07560614481e-05,2.15241161498e-05,2.22848514621e-05,2.30364683519e-05,2.37772407927e-05,2.45055190401e-05,2.53287815897e-05,2.61490345558e-05,2.69641067981e-05,2.7772969716e-05,2.85747080261e-05,2.93685235773e-05,3.01537376464e-05,3.09297918966e-05,3.1696248096e-05,3.24527867291e-05,3.31992047461e-05,3.39354124676e-05,3.46614299953e-05,3.53773831063e-05,3.60834988857e-05,3.67801013052e-05,3.74676066509e-05,3.81465191969e-05,3.88174270487e-05,3.94809983106e-05,4.01379777179e-05,4.07891836814e-05,4.14355059167e-05,4.20779037301e-05,4.27174049522e-05,4.3355105564e-05,4.39921701734e-05,4.46298332839e-05,4.52694015066e-05
590.0,4.39687886577e-06,4.78749393642e-06,5.20231086981e-06,5.64162812335e-06,6.10560887643e-06,6.59427069579e-06,7.10747676597e-06,7.64492898432e-06,8.20616318608e-06,8.79054671082e-06,9.39727848759e-06,1.00253917098e-05,1.0673759136e-05,1.13411009441e-05,1.20259949998e-05,1.27268893166e-05,1.3442116428e-05,1.41699093137e-05,1.49084184859e-05,1.56557298191e-05,1.64098826721e-05,1.71688878886e-05,1.79307452202e-05,1.86934598233e-05,1.94550574797e-05,2.02135982346e-05,2.09671882549e-05,2.17139897306e-05,2.24522287095e-05,2.31802008516e-05,2.3896275072e-05,2.47055343626e-05,2.55121492275e-05,2.63139768268e-05,2.71099832054e-05,2.7899243806e-05,2.86809475673e-05,2.94543995622e-05,3.02190222602e-05,3.09743555494e-05,3.17200556904e-05,3.24558933245e-05,3.31817506737e-05,3.38976181555e-05,3.46035905322e-05,3.52998626954e-05,3.59867253687e-05,3.6664560691e-05,3.73338379378e-05,3.79951093692e-05,3.86490064969e-05,3.92962365467e-05,3.99375795598e-05,4.05738858504e-05,4.12060742042e-05,4.18351305827e-05,4.24621076418e-05,4.30881248487e-05,4.37143695908e-05,4.43420989586e-05
600.0,4.2590773556e-06,4.63814548294e-06,5.04082080725e-06,5.46741430425e-06,5.91810700402e-06,6.39293973946e-06,6.89180436926e-06,7.41443675315e-06,7.96041175011e-06,8.52914045482e-06,9.11986984206e-06,9.73168491026e-06,1.03635133667e-05,1.10141327982e-05,1.16821802078e-05,1.23661637201e-05,1.30644761808e-05,1.37754103402e-05,1.44971752269e-05,1.52279133181e-05,1.59657180943e-05,1.67086515302e-05,1.74547611319e-05,1.82020961519e-05,1.89487226081e-05,1.96927368567e-05,2.04322774741e-05,2.1165535271e-05,2.1890761327e-05,2.26062730316e-05,2.33104580596e-05,2.41060949459e-05,2.48994389072e-05,2.56883752435e-05,2.64718658612e-05,2.7248978236e-05,2.80188897974e-05,2.87808908182e-05,2.95343860432e-05,3.02788949877e-05,3.10140511821e-05,3.17396004692e-05,3.2455398489e-05,3.31614075044e-05,3.38576927456e-05,3.4544418448e-05,3.52218436125e-05,3.58903177379e-05,3.65502766365e-05,3.72022383399e-05,3.78467992876e-05,3.84846309064e-05,3.91164765232e-05,3.97431488237e-05,4.03655279188e-05,4.09845598577e-05,4.16012560039e-05,4.22166929068e-05,4.28320132029e-05,4.34484270159e-05
610.0,4.12766062671e-06,4.49568659913e-06,4.88674600075e-06,5.30116099908e-06,5.73912889883e-06,6.20071198904e-06,6.68582876897e-06,7.19424683024e-06,7.7255776602e-06,8.27927357414e-06,8.85462695958e-06,9.45077193021e-06,1.00666884348e-05,1.070120879e-05,1.13530265209e-05,1.2020707353e-05,1.27027020766e-05,1.33973610143e-05,1.41029497035e-05,1.4817665441e-05,1.553965425e-05,1.62670279052e-05,1.69978805566e-05,1.77303046536e-05,1.84624057702e-05,1.91923160748e-05,1.99182062166e-05,2.06382954387e-05,2.13508597842e-05,2.20542383741e-05,2.27468377145e-05,2.35292178792e-05,2.43096434231e-05,2.50860275932e-05,2.58573293086e-05,2.66226092978e-05,2.73810347508e-05,2.81318825138e-05,2.8874540965e-05,2.96085106561e-05,3.03334038044e-05,3.10489428945e-05,3.17549584121e-05,3.24513858944e-05,3.31382625056e-05,3.3815723214e-05,3.44839967449e-05,3.51434014324e-05,3.57943410544e-05,3.64373008776e-05,3.70728438125e-05,3.77016069836e-05,3.8324298612e-05,3.89416954447e-05,3.95546405657e-05,4.01640419853e-05,4.07708716552e-05,4.13761653051e-05,4.19810229593e-05,4.25866101605e-05
620.0,4.00223985793e-06,4.35969944877e-06,4.73963868032e-06,5.14238969854e-06,5.56816463339e-06,6.01704555454e-06,6.48897571845e-06,6.98375237373e-06,7.50102139524e-06,8.04027394507e-06,8.60084535294e-06,9.18191631189e-06,9.78251645507e-06,1.04015302842e-05,1.10377053641e-05,1.16896626246e-05,1.23559085331e-05,1.30348488692e-05,1.37248037458e-05,1.4424023535e-05,1.51307052801e-05,1.58430092334e-05,1.65590750911e-05,1.72770376095e-05,1.79950412143e-05,1.87112533727e-05,1.94238764601e-05,2.01311579236e-05,2.08313986686e-05,2.15229595416e-05,2.22042659203e-05,2.29737407144e-05,2.37415864397e-05,2.45057441091e-05,2.52651706853e-05,2.60189212927e-05,2.67661540982e-05,2.75061337672e-05,2.82382336254e-05,2.89619365728e-05,2.96768348639e-05,3.03826289945e-05,3.10791256253e-05,3.17662349446e-05,3.24439673946e-05,3.31124300472e-05,3.37718227304e-05,3.44224339366e-05,3.50646368316e-05,3.56988852864e-05,3.63257100924e-05,3.69457155355e-05,3.75595762256e-05,3.8168034483e-05,3.87718980435e-05,3.93720385163e-05,3.99693903058e-05,4.05649501253e-05,4.11597774599e-05,4.17549954973e-05
630.0,3.88245541026e-06,4.2297974333e-06,4.59908441634e-06,4.990657371e-06,5.40474191959e-06,5.84143836477e-06,6.30071296802e-06,6.78239070459e-06,7.28614974253e-06,7.81151786922e-06,8.35787102957e-06,8.92443410888e-06,9.51028400456e-06,1.01143549957e-05,1.07354463211e-05,1.13722318285e-05,1.20232714913e-05,1.26870245123e-05,1.33618637117e-05,1.40460908512e-05,1.47379525e-05,1.54356561009e-05,1.6137385806e-05,1.68413177814e-05,1.75456346093e-05,1.82485385247e-05,1.89482632413e-05,1.9643084188e-05,2.0331326998e-05,2.10113741991e-05,2.16816700704e-05,2.2438577298e-05,2.31941687028e-05,2.39464128354e-05,2.46942656969e-05,2.5436777862e-05,2.61730996052e-05,2.69024845843e-05,2.76242923111e-05,2.83379892685e-05,2.90431490411e-05,2.97394513842e-05,3.04266804467e-05,3.11047223525e-05,3.17735621109e-05,3.24332801952e-05,3.30840487988e-05,3.37261279008e-05,3.43598613291e-05,3.49856728806e-05,3.56040625839e-05,3.62156032368e-05,3.68209372537e-05,3.74207739736e-05,3.8015887302e-05,3.86071140286e-05,3.91953526378e-05,3.97815626982e-05,4.03667650126e-05,4.09520423857e-05
640.0,3.76797423506e-06,4.10562242956e-06,4.46469918024e-06,4.84555334843e-06,5.24842281994e-06,5.6734246969e-06,6.12054662297e-06,6.58963949549e-06,7.08041182302e-06,7.59242592954e-06,8.1250961934e-06,8.67768943551e-06,9.24932753376e-06,9.83899225786e-06,1.0445532268e-05,1.10676721538e-05,1.17040233097e-05,1.23530964107e-05,1.30133151807e-05,1.36830311353e-05,1.43605389177e-05,1.50440918942e-05,1.57319175964e-05,1.64222327191e-05,1.71132572872e-05,1.78032277586e-05,1.84904088077e-05,1.91731035671e-05,1.98496622544e-05,2.05184890199e-05,2.11780470464e-05,2.1922711692e-05,2.26663618668e-05,2.34069934551e-05,2.41435623867e-05,2.48751156831e-05,2.56007967721e-05,2.63198494279e-05,2.70316204812e-05,2.77355612021e-05,2.84312276879e-05,2.91182801827e-05,2.97964815444e-05,3.04656950428e-05,3.11258814899e-05,3.17770959744e-05,3.2419484286e-05,3.30532791158e-05,3.36787961942e-05,3.4296430482e-05,3.49066525154e-05,3.55100048904e-05,3.61070991606e-05,3.66986130273e-05,3.72852879897e-05,3.78679275381e-05,3.84473957858e-05,3.90246167707e-05,3.96005744079e-05,4.01763130348e-05
650.0,3.65848754694e-06,3.9868423045e-06,4.33612670457e-06,4.70669652586e-06,5.09880078537e-06,5.51257205991e-06,5.94801786379e-06,6.40501333789e-06,6.88329550093e-06,7.38245925864e-06,7.90195536437e-06,8.44109045229e-06,8.99902921447e-06,9.57479874308e-06,1.01672949814e-05,1.07752911771e-05,1.13974481545e-05,1.20323261819e-05,1.26783981482e-05,1.33340637389e-05,1.39976642567e-05,1.46674977523e-05,1.53418340816e-05,1.6018929581e-05,1.66970410083e-05,1.73744384984e-05,1.80494172673e-05,1.87203078899e-05,1.93854849888e-05,2.00433742542e-05,2.06924577505e-05,2.1425192652e-05,2.21572029623e-05,2.28865116593e-05,2.36120754555e-05,2.43329387261e-05,2.50482390499e-05,2.57572113584e-05,2.64591908768e-05,2.71536147964e-05,2.78400228454e-05,2.85180569189e-05,2.91874597456e-05,2.98480728959e-05,3.04998341458e-05,3.11427743739e-05,3.17770141246e-05,3.24027599558e-05,3.30203006729e-05,3.36300036066e-05,3.42323109637e-05,3.48277363817e-05,3.54168617718e-05,3.60003345273e-05,3.65788650623e-05,3.71532249334e-05,3.77242453588e-05,3.8292816424e-05,3.88598867848e-05,3.94264640644e-05
660.0,3.55370873119e-06,3.87314868349e-06,4.21303610559e-06,4.57373283951e-06,4.95549799136e-06,5.35847838323e-06,5.78269999587e-06,6.22806064767e-06,6.69432415443e-06,7.18111616642e-06,7.68792188072e-06,8.21408573475e-06,8.75881319049e-06,9.32117460331e-06,9.9001111624e-06,1.04944427859e-05,1.11028778214e-05,1.17240243269e-05,1.23564026768e-05,1.29984591943e-05,1.36485804634e-05,1.43051080092e-05,1.49663529705e-05,1.56306104498e-05,1.62961732316e-05,1.6961344563e-05,1.762444979e-05,1.82838466241e-05,1.89379339137e-05,1.95851587842e-05,2.02240221506e-05,2.09451286243e-05,2.16657893093e-05,2.23840540548e-05,2.30988811146e-05,2.38093130765e-05,2.45144825918e-05,2.52136167399e-05,2.59060401683e-05,2.65911770221e-05,2.72685517586e-05,2.79377890076e-05,2.85986124546e-05,2.9250843097e-05,2.98943967749e-05,3.05292812499e-05,3.11555929347e-05,3.17735133766e-05,3.23833055493e-05,3.29853102787e-05,3.35799425759e-05,3.41676882641e-05,3.47491008267e-05,3.53247985148e-05,3.58954619271e-05,3.64618320078e-05,3.70247084859e-05,3.75849488844e-05,3.81434681826e-05,3.87012389268e-05
670.0,3.45337145993e-06,3.76425493701e-06,4.09511974071e-06,4.44633299427e-06,4.81816293017e-06,5.21076947774e-06,5.62419577836e-06,6.05836086493e-06,6.5130537464e-06,6.987929096e-06,7.48250472884e-06,7.99616099525e-06,8.52814218536e-06,9.07755996823e-06,9.64339883737e-06,1.02245234863e-05,1.08196879555e-05,1.1427546362e-05,1.2046664949e-05,1.26755351916e-05,1.33125876162e-05,1.39562060396e-05,1.46047418582e-05,1.52565280823e-05,1.59098928065e-05,1.6563171829e-05,1.72147201935e-05,1.78629224486e-05,1.85062014535e-05,1.91430256575e-05,1.97719147702e-05,2.04816832002e-05,2.11912739549e-05,2.18987635193e-05,2.26031123951e-05,2.33033621927e-05,2.39986414975e-05,2.46881704465e-05,2.5371264078e-05,2.60473344945e-05,2.67158919031e-05,2.73765446869e-05,2.80289985615e-05,2.8673054985e-05,2.93086089106e-05,2.99356460402e-05,3.05542397144e-05,3.11645474902e-05,3.17668076233e-05,3.23613354395e-05,3.29485198701e-05,3.35288200044e-05,3.41027620011e-05,3.4670936128e-05,3.52339943711e-05,3.57926482779e-05,3.63476673586e-05,3.68998779712e-05,3.74501628223e-05,3.7999460941e-05
680.0,3.35722799043e-06,3.65989436456e-06,3.98209127541e-06,4.32419040983e-06,4.68646823878e-06,5.06909674501e-06,5.47213501405e-06,5.89552192683e-06,6.33907018434e-06,6.80246186168e-06,7.28524567682e-06,7.78683610376e-06,8.30651442783e-06,8.8434317726e-06,9.39661409251e-06,9.96496904431e-06,1.05472946144e-05,1.11422893092e-05,1.17485636845e-05,1.23646529277e-05,1.29890302109e-05,1.36201204898e-05,1.42563144081e-05,1.48959820319e-05,1.55374860567e-05,1.61791942665e-05,1.68194909711e-05,1.74567872266e-05,1.80895296913e-05,1.87162080009e-05,1.93353605921e-05,2.00340709624e-05,2.07328614723e-05,2.14298349781e-05,2.21239549048e-05,2.2814262614e-05,2.34998834428e-05,2.4180031445e-05,2.4854012963e-05,2.55212289973e-05,2.6181176466e-05,2.6833448505e-05,2.74777338365e-05,2.81138153783e-05,2.8741568207e-05,2.93609569709e-05,2.99720329233e-05,3.05749306678e-05,3.11698646841e-05,3.17571258783e-05,3.23370780795e-05,3.29101547049e-05,3.34768556147e-05,3.40377442225e-05,3.45934449648e-05,3.5144641191e-05,3.56920734031e-05,3.62365380688e-05,3.67788869769e-05,3.73200270937e-05
690.0,3.26504762952e-06,3.55981855305e-06,3.87368393331e-06,4.20701936297e-06,4.56010873401e-06,4.93313510185e-06,5.32617236486e-06,5.73917797561e-06,6.1719869192e-06,6.62430715047e-06,7.0957166732e-06,7.58566239428e-06,8.09346085478e-06,8.61830087389e-06,9.15924810662e-06,9.71525144339e-06,1.02851511402e-05,1.08676884965e-05,1.14615168746e-05,1.20652137873e-05,1.26772937891e-05,1.32962218434e-05,1.39204268633e-05,1.45483151195e-05,1.51782832136e-05,1.58087303457e-05,1.64380696444e-05,1.70647383444e-05,1.76872066717e-05,1.83039852975e-05,1.89136313026e-05,1.96015537234e-05,2.02898041554e-05,2.09765115734e-05,2.16606429353e-05,2.23412400443e-05,2.3017425739e-05,2.36884088111e-05,2.43534877716e-05,2.50120533963e-05,2.56635902349e-05,2.63076771086e-05,2.69439866887e-05,2.75722843102e-05,2.81924261223e-05,2.88043566714e-05,2.94081060875e-05,3.00037869598e-05,3.05915909785e-05,3.11717855639e-05,3.17447104322e-05,3.2310774296e-05,3.28704517279e-05,3.3424280314e-05,3.39728580136e-05,3.4516841034e-05,3.50569420417e-05,3.55939288148e-05,3.61286235033e-05,3.66619023223e-05
700.0,3.17661534385e-06,3.46379589104e-06,3.76964891336e-06,4.09455330714e-06,4.43879962786e-06,4.80258109712e-06,5.18598537056e-06,5.5889872791e-06,6.01144277191e-06,6.45308425132e-06,6.91351748304e-06,7.39222020896e-06,7.8885425781e-06,8.40170943223e-06,8.93082445109e-06,9.47487610781e-06,1.00327453246e-05,1.06032146544e-05,1.11849788186e-05,1.17766563135e-05,1.2376801847e-05,1.29839192955e-05,1.35964748717e-05,1.42129102262e-05,1.48316551668e-05,1.54511397414e-05,1.60698054429e-05,1.66861153548e-05,1.72985630238e-05,1.79056799959e-05,1.85060418973e-05,1.91834370683e-05,1.98613985331e-05,2.05380811351e-05,2.12124559119e-05,2.18835657585e-05,2.25505317237e-05,2.32125580993e-05,2.3868936363e-05,2.45190479191e-05,2.5162365821e-05,2.57984554507e-05,2.64269743326e-05,2.70476711348e-05,2.76603839711e-05,2.82650382001e-05,2.88616437503e-05,2.94502920942e-05,3.00311530536e-05,3.06044714734e-05,3.11705638738e-05,3.17298152131e-05,3.22826757354e-05,3.28296581344e-05,3.33713349204e-05,3.39083362107e-05,3.44413478869e-05,3.49711101702e-05,3.54984167762e-05,3.60241144477e-05
710.0,3.0917305002e-06,3.37161022231e-06,3.66975395473e-06,3.98654334482e-06,4.32227491352e-06,4.67715120552e-06,5.05127265083e-06,5.444630341e-06,5.85709995317e-06,6.28843698955e-06,6.73827353888e-06,7.20611666772e-06,7.69134857227e-06,8.19322852354e-06,8.71089663311e-06,9.24337937973e-06,9.78959680954e-06,1.03483712595e-05,1.091843741e-05,1.14984534444e-05,1.20870130323e-05,1.26826578917e-05,1.32838905951e-05,1.38891873515e-05,1.4497010487e-05,1.5105820324e-05,1.57140862804e-05,1.63202969276e-05,1.69229688843e-05,1.75206543968e-05,1.81119475409e-05,1.87790671994e-05,1.94469821948e-05,2.01138729654e-05,2.07787151564e-05,2.14405533415e-05,2.20985074415e-05,2.27517779736e-05,2.33996501314e-05,2.40414967621e-05,2.46767802269e-05,2.5305053329e-05,2.59259592949e-05,2.65392309748e-05,2.71446893314e-05,2.77422414055e-05,2.83318777702e-05,2.89136696727e-05,2.94877659238e-05,3.00543896849e-05,3.06138351482e-05,3.11664643989e-05,3.17127042692e-05,3.22530434822e-05,3.27880300278e-05,3.33182689279e-05,3.38444203093e-05,3.43671979e-05,3.48873680819e-05,3.54057493455e-05
720.0,3.01020572225e-06,3.28305962324e-06,3.57378203246e-06,3.88275684257e-06,4.21028589488e-06,4.55658027461e-06,4.92175226829e-06,5.30580818595e-06,5.70864226702e-06,6.13003184833e-06,6.56963398398e-06,7.02698363631e-06,7.50149356625e-06,7.99245596483e-06,8.49904585301e-06,9.02032620707e-06,9.55525472719e-06,1.01026921137e-05,1.06614116637e-05,1.12301099878e-05,1.18074185679e-05,1.23919159211e-05,1.29821400516e-05,1.3576600928e-05,1.41737927064e-05,1.47722054255e-05,1.53703359648e-05,1.59666980394e-05,1.65598310719e-05,1.71483078321e-05,1.77307407172e-05,1.83878280617e-05,1.90459308748e-05,1.97032549204e-05,2.03587809227e-05,2.10115556892e-05,2.16606986401e-05,2.23054071765e-05,2.29449609432e-05,2.35787249673e-05,2.42061517114e-05,2.48267821973e-05,2.54402461639e-05,2.60462614688e-05,2.66446327541e-05,2.72352495645e-05,2.78180839558e-05,2.83931877759e-05,2.89606896631e-05,2.95207918992e-05,3.00737672248e-05,3.06199556797e-05,3.11597615384e-05,3.16936504371e-05,3.2222146757e-05,3.27458313451e-05,3.32653395271e-05,3.37813595368e-05,3.42946315221e-05,3.48059467928e-05
730.0,2.9318658537e-06,3.19795529151e-06,3.48153017309e-06,3.78297617085e-06,4.1025998509e-06,4.44062011206e-06,4.797160242e-06,5.17224079038e-06,5.56577346902e-06,5.97755625545e-06,6.40726988727e-06,6.85447587021e-06,7.31861612676e-06,7.79901432797e-06,8.29487895664e-06,8.80530804503e-06,9.32929553642e-06,9.86573913148e-06,1.04134494509e-05,1.09711603187e-05,1.15375399083e-05,1.21112025235e-05,1.26907206946e-05,1.32746373608e-05,1.38614778373e-05,1.44497613124e-05,1.50380116726e-05,1.56247674175e-05,1.62085905087e-05,1.67880740397e-05,1.73618486053e-05,1.80091386861e-05,1.86576557757e-05,1.93056306854e-05,1.99520496604e-05,2.05959622606e-05,2.12364879725e-05,2.18728217209e-05,2.25042382786e-05,2.3130095566e-05,2.37498368881e-05,2.43629922445e-05,2.49691786646e-05,2.55680998004e-05,2.61595447516e-05,2.67433863705e-05,2.73195789841e-05,2.78881558267e-05,2.84492261551e-05,2.90029721933e-05,2.95496460113e-05,3.00895664097e-05,3.06231159323e-05,3.11507379565e-05,3.1672934106e-05,3.21902619293e-05,3.27033328598e-05,3.32128106378e-05,3.37194101016e-05,3.42238964952e-05
740.0,2.85654701192e-06,3.11612053637e-06,3.39280837535e-06,3.68699755609e-06,3.99899881791e-06,4.32903819802e-06,4.67724918726e-06,5.04366565938e-06,5.42821577193e-06,5.83071701994e-06,6.25087261375e-06,6.68826932392e-06,7.14237689821e-06,7.6125491244e-06,8.09802656115e-06,8.59794092199e-06,9.11132104313e-06,9.63710031427e-06,1.0174125433e-05,1.07211662622e-05,1.12769265856e-05,1.18400555019e-05,1.24091591882e-05,1.29828127794e-05,1.35595720826e-05,1.41379848794e-05,1.47166016074e-05,1.52939851846e-05,1.58687198383e-05,1.64394187883e-05,1.70047306865e-05,1.76424507722e-05,1.82816011237e-05,1.89204373245e-05,1.95579515442e-05,2.01931965605e-05,2.08252924721e-05,2.14534323299e-05,2.20768866674e-05,2.26950069701e-05,2.3307228098e-05,2.39130697402e-05,2.45121369582e-05,2.51041199497e-05,2.5688793032e-05,2.62660131022e-05,2.68357175346e-05,2.73979217078e-05,2.79527162528e-05,2.85002640928e-05,2.90407973731e-05,2.95746144685e-05,3.01020769276e-05,3.06236066845e-05,3.1139683427e-05,3.16508422152e-05,3.21576714892e-05,3.26608113402e-05,3.31609523133e-05,3.36588345265e-05
750.0,2.78409572861e-06,3.03738985606e-06,3.30743862699e-06,3.59463003311e-06,3.89927847904e-06,4.22161651134e-06,4.56178707881e-06,4.91983652058e-06,5.29570847842e-06,5.68923890275e-06,6.10015233565e-06,6.5280595981e-06,6.97245700007e-06,7.43272714216e-06,7.90814134418e-06,8.39786368349e-06,8.90095659077e-06,9.41638789332e-06,9.94303915869e-06,1.0479715158e-05,1.10251542311e-05,1.15780393131e-05,1.21370093675e-05,1.27006709641e-05,1.32676097453e-05,1.38364015317e-05,1.44056228558e-05,1.49738606956e-05,1.55397212576e-05,1.61018376782e-05,1.66588765266e-05,1.72872464512e-05,1.79172419171e-05,1.85471429984e-05,1.91759481508e-05,1.98027138201e-05,2.04265612204e-05,2.10466820782e-05,2.16623432943e-05,2.22728905661e-05,2.2877750957e-05,2.34764345559e-05,2.40685351566e-05,2.46537302018e-05,2.52317799564e-05,2.58025260852e-05,2.63658897321e-05,2.69218691559e-05,2.74705370656e-05,2.80120378195e-05,2.85465843939e-05,2.90744554186e-05,2.95959922465e-05,3.01115961096e-05,3.06217255004e-05,3.11268938218e-05,3.1627667315e-05,3.21246632996e-05,3.26185489057e-05,3.31100400715e-05
760.0,2.71436816568e-06,2.9616080984e-06,3.22525400752e-06,3.50569449173e-06,3.80324715048e-06,4.118150455e-06,4.45055611691e-06,4.80052213636e-06,5.16800673187e-06,5.55286331168e-06,5.95483666877e-06,6.37356052616e-06,6.80855655418e-06,7.25923492799e-06,7.72489647098e-06,8.20473636677e-06,8.69784940057e-06,9.20323662557e-06,9.71981332196e-06,1.02464180762e-05,1.07818227648e-05,1.13247432266e-05,1.18738503664e-05,1.24277814454e-05,1.29851512992e-05,1.35445632391e-05,1.41046194365e-05,1.46639305569e-05,1.52211245095e-05,1.577485413e-05,1.63238037506e-05,1.69430362421e-05,1.75640818546e-05,1.81852448722e-05,1.88055303734e-05,1.94239988726e-05,2.00397731797e-05,2.0652044211e-05,2.12600758125e-05,2.18632084877e-05,2.2460862154e-05,2.30525379371e-05,2.36378190322e-05,2.42163708294e-05,2.47879402098e-05,2.53523543107e-05,2.59095187295e-05,2.64594152841e-05,2.70020995022e-05,2.75376978384e-05,2.80664047954e-05,2.85884799854e-05,2.91042452534e-05,2.96140818506e-05,3.01184278271e-05,3.06177756652e-05,3.11126702145e-05,3.16037067863e-05,3.20915299598e-05,3.25768324178e-05
770.0,2.64722939687e-06,2.88862969288e-06,3.14609786877e-06,3.42002280271e-06,3.71072485395e-06,4.0184478767e-06,4.34335169259e-06,4.6855052102e-06,5.04488037227e-06,5.42134710284e-06,5.81466942408e-06,6.22450287194e-06,6.65039333616e-06,7.09177738895e-06,7.54798415508e-06,8.01823872318e-06,8.50166704106e-06,8.99730222934e-06,9.50409216548e-06,1.00209081904e-05,1.05465547301e-05,1.10797796209e-05,1.16192848908e-05,1.21637377616e-05,1.27117816256e-05,1.32620467417e-05,1.38131604676e-05,1.4363756797e-05,1.49124850377e-05,1.54580175181e-05,1.59990561682e-05,1.66093571599e-05,1.72216514351e-05,1.78342671976e-05,1.84462164606e-05,1.90565641936e-05,1.96644352211e-05,2.026902016e-05,2.08695803234e-05,2.14654516053e-05,2.20560473651e-05,2.26408603967e-05,2.32194639453e-05,2.37915119739e-05,2.43567386572e-05,2.49149572614e-05,2.54660585074e-05,2.60100084335e-05,2.65468460329e-05,2.7076680547e-05,2.75996886689e-05,2.81161116725e-05,2.86262525514e-05,2.91304732638e-05,2.96291921355e-05,3.0122881458e-05,3.06120653697e-05,3.10973180359e-05,3.15792622219e-05,3.20585681855e-05
780.0,2.58255275479e-06,2.81831794859e-06,3.06982308384e-06,3.33745701828e-06,3.62154246932e-06,3.92232816765e-06,4.23998143896e-06,4.57458139046e-06,4.92611288873e-06,5.29446148396e-06,5.67940946109e-06,6.08063313876e-06,6.49770153902e-06,6.93007650931e-06,7.37711433371e-06,7.83806885119e-06,8.31209603317e-06,8.79825995182e-06,9.29554000353e-06,9.80283926758e-06,1.03189937604e-05,1.08427824331e-05,1.13729376379e-05,1.19081558446e-05,1.2447108375e-05,1.29884519018e-05,1.35308385192e-05,1.40729251751e-05,1.46133822967e-05,1.51509014668e-05,1.56842020543e-05,1.62857709683e-05,1.68895061835e-05,1.74937595311e-05,1.80975502424e-05,1.86999480781e-05,1.93000803054e-05,1.98971376895e-05,2.04903795204e-05,2.10791376205e-05,2.16628193725e-05,2.22409098222e-05,2.28129728724e-05,2.33786516871e-05,2.39376683642e-05,2.44898229262e-05,2.50349918463e-05,2.55731260466e-05,2.61042486158e-05,2.66284521988e-05,2.7145896336e-05,2.76568045788e-05,2.81614617598e-05,2.86602111866e-05,2.91534521316e-05,2.96416373623e-05,3.01252710468e-05,3.06049068761e-05,3.1081146603e-05,3.15546388817e-05
790.0,2.52021922988e-06,2.75054441163e-06,2.99629136104e-06,3.2578486412e-06,3.53554095574e-06,3.82962144171e-06,4.14026435968e-06,4.46755835367e-06,4.81150045639e-06,5.17199100702e-06,5.54882963892e-06,5.94171247329e-06,6.3502306356e-06,6.77387017732e-06,7.21201345003e-06,7.66394194207e-06,8.12884055426e-06,8.60580323613e-06,9.09383987228e-06,9.59188428641e-06,1.00988031645e-05,1.06134057159e-05,1.11344538317e-05,1.16606725356e-05,1.21907604665e-05,1.27234001773e-05,1.32572680553e-05,1.37910436385e-05,1.43234181709e-05,1.4853102267e-05,1.5378832561e-05,1.59718625924e-05,1.65672250458e-05,1.71632951042e-05,1.77590994571e-05,1.8353712991e-05,1.89462657908e-05,1.95359491988e-05,2.01220209706e-05,2.07038093602e-05,2.12807163103e-05,2.18522196886e-05,2.24178746382e-05,2.29773141286e-05,2.353024876e-05,2.40764659362e-05,2.4615828491e-05,2.51482728246e-05,2.56738067302e-05,2.61925069078e-05,2.67045163111e-05,2.72100414252e-05,2.77093495097e-05,2.82027658755e-05,2.86906713439e-05,2.91734998461e-05,2.96517362369e-05,3.0125914444e-05,3.05966159325e-05,3.10644684635e-05
800.0,2.46011692158e-06,2.68518827643e-06,2.9253726143e-06,3.18105795288e-06,3.45257063849e-06,3.74016777729e-06,4.04403003299e-06,4.3642549614e-06,4.70085105358e-06,5.053732643e-06,5.42271584618e-06,5.80751565891e-06,6.20774433021e-06,6.62291109769e-06,7.05242333362e-06,7.49558912575e-06,7.95162125231e-06,8.41964251108e-06,8.89869227602e-06,9.3877341643e-06,9.88566463073e-06,1.03913223097e-05,1.09034978768e-05,1.1420944222e-05,1.19423866998e-05,1.24665332227e-05,1.29920840303e-05,1.35177408787e-05,1.40422155348e-05,1.45642374167e-05,1.50825602428e-05,1.566723861e-05,1.62544088841e-05,1.68424692984e-05,1.74304542429e-05,1.80174440203e-05,1.86025718812e-05,1.91850301678e-05,1.97640755305e-05,2.03390331511e-05,2.0909300045e-05,2.14743474477e-05,2.2033722287e-05,2.25870478958e-05,2.31340239729e-05,2.36744258688e-05,2.42081033695e-05,2.47349789498e-05,2.52550456822e-05,2.5768364887e-05,2.62750635614e-05,2.67753316893e-05,2.72694195565e-05,2.77576350773e-05,2.82403412454e-05,2.87179537577e-05,2.91909387964e-05,2.96598111998e-05,3.01251328251e-05,3.05875112724e-05
810.0,2.40214053499e-06,2.62213584492e-06,2.85694438492e-06,3.10695339759e-06,3.37249055513e-06,3.65381652443e-06,3.95111787538e-06,4.26450049044e-06,4.59398364764e-06,4.93949492895e-06,5.30086611359e-06,5.67783019064e-06,6.07001960026e-06,6.47696579395e-06,6.89810017069e-06,7.33275640655e-06,7.78017415278e-06,8.23950406386e-06,8.70981404003e-06,9.19009657133e-06,9.67927701553e-06,1.01762226211e-05,1.06797521085e-05,1.11886455679e-05,1.17016544745e-05,1.22175115921e-05,1.27349405658e-05,1.32526650091e-05,1.37694169191e-05,1.42839442748e-05,1.47950177071e-05,1.53715259031e-05,1.59506790885e-05,1.65308982606e-05,1.71112257135e-05,1.76907474417e-05,1.82686001903e-05,1.88439776764e-05,1.94161358753e-05,1.99843973533e-05,2.05481546937e-05,2.11068729957e-05,2.16600915081e-05,2.22074244811e-05,2.27485612502e-05,2.32832656755e-05,2.38113750526e-05,2.43327984801e-05,2.48475149008e-05,2.53555708089e-05,2.58570777959e-05,2.63522099111e-05,2.68412010545e-05,2.73243422968e-05,2.78019794027e-05,2.82745104215e-05,2.87423835135e-05,2.92060949921e-05,2.96661877987e-05,3.01232500506e-05
820.0,2.34619091709e-06,2.56128003037e-06,2.79089131101e-06,3.03541101723e-06,3.29516785234e-06,3.57042566581e-06,3.8613764675e-06,4.16813391769e-06,4.49072745036e-06,4.8290971867e-06,5.18308979447e-06,5.55245541841e-06,5.93684580258e-06,6.33581368856e-06,6.74881354883e-06,7.17520368082e-06,7.61424964412e-06,8.06512899813e-06,8.52693724282e-06,8.99869485199e-06,9.47935524134e-06,9.96781349336e-06,1.04629156476e-05,1.09634683452e-05,1.14682486044e-05,1.19760135277e-05,1.24855097379e-05,1.29954823418e-05,1.35046832642e-05,1.40118788118e-05,1.45158563423e-05,1.50843703671e-05,1.56556762955e-05,1.62282175945e-05,1.68010446561e-05,1.73732494058e-05,1.79439723983e-05,1.8512409081e-05,1.90778151511e-05,1.96395110012e-05,2.01968852261e-05,2.07493972927e-05,2.1296579278e-05,2.1838036857e-05,2.23734495278e-05,2.29025702143e-05,2.34252242387e-05,2.39413078772e-05,2.44507864615e-05,2.49536922244e-05,2.54501218721e-05,2.59402341024e-05,2.64242469138e-05,2.69024351518e-05,2.73751278569e-05,2.78427060393e-05,2.83056003671e-05,2.87642893105e-05,2.92192974517e-05,2.96711940975e-05
830.0,2.29217463237e-06,2.50251990139e-06,2.72710463886e-06,2.96631392765e-06,3.22047723191e-06,3.48986122892e-06,3.77466293398e-06,4.07500326761e-06,4.39092122441e-06,4.722368798e-06,5.06920680803e-06,5.43120176114e-06,5.80802386073e-06,6.19924625433e-06,6.6043455788e-06,7.02270382966e-06,7.45361154815e-06,7.89627228187e-06,8.34980823686e-06,8.81326701278e-06,9.28562926728e-06,9.76581715439e-06,1.02527033345e-05,1.07451203587e-05,1.1241870219e-05,1.17417338625e-05,1.22434804594e-05,1.27458762462e-05,1.32476927799e-05,1.37477144567e-05,1.42447451716e-05,1.48054357547e-05,1.53690592016e-05,1.59340811723e-05,1.64995603136e-05,1.70645947162e-05,1.76283290335e-05,1.81899607673e-05,1.87487457143e-05,1.93040025001e-05,1.98551161882e-05,2.04015410649e-05,2.09428025115e-05,2.14784981321e-05,2.20082981067e-05,2.25319448939e-05,2.30492524053e-05,2.35601045839e-05,2.40644536888e-05,2.45623181804e-05,2.50537804402e-05,2.55389842826e-05,2.60181324086e-05,2.64914838628e-05,2.69593515997e-05,2.74221000632e-05,2.7880143039e-05,2.83339416724e-05,2.8784002826e-05,2.92308776011e-05
840.0,2.24000357129e-06,2.44576026101e-06,2.6654817739e-06,2.89955184231e-06,3.14830044049e-06,3.41199674511e-06,3.69084236881e-06,3.98496500607e-06,4.2944126523e-06,4.61914854051e-06,4.95904694513e-06,5.31388997924e-06,5.68336550313e-06,6.06706622816e-06,6.46449008559e-06,6.87504188369e-06,7.29803625462e-06,7.73270185561e-06,8.17818673715e-06,8.63356479316e-06,9.09784313731e-06,9.56997025514e-06,1.00488447397e-05,1.05333244347e-05,1.10222357499e-05,1.15143829839e-05,1.20085574284e-05,1.25035460968e-05,1.29981398779e-05,1.34911410187e-05,1.39813697625e-05,1.45344025638e-05,1.50905034626e-05,1.56481600134e-05,1.62064392682e-05,1.67644457007e-05,1.732132831e-05,1.78762869822e-05,1.84285779635e-05,1.897751849e-05,1.95224905178e-05,2.00629435952e-05,2.05983968764e-05,2.11284403603e-05,2.16527353816e-05,2.21710144608e-05,2.26830805422e-05,2.31888057759e-05,2.36881298247e-05,2.4181057905e-05,2.46676585314e-05,2.51480611689e-05,2.56224536914e-05,2.60910799046e-05,2.65542371237e-05,2.70122737973e-05,2.74655873399e-05,2.79146221388e-05,2.8359867877e-05,2.8801858059e-05
850.0,2.18959458979e-06,2.39091126137e-06,2.60592586608e-06,2.83502062807e-06,3.07852579928e-06,3.33671274963e-06,3.60978730736e-06,3.89788348439e-06,4.20105774699e-06,4.51928396975e-06,4.85244922065e-06,5.20035050302e-06,5.56269256797e-06,5.93908688691e-06,6.32905185511e-06,6.73201424313e-06,7.14731192386e-06,7.57419781271e-06,8.01184497771e-06,8.45935280616e-06,8.91575410262e-06,9.38002296469e-06,9.85108325564e-06,1.03278175011e-05,1.08090759849e-05,1.12936858749e-05,1.1780460171e-05,1.22682063005e-05,1.27557341918e-05,1.3241863698e-05,1.37254312263e-05,1.42709670412e-05,1.48197006659e-05,1.53701412516e-05,1.59213643989e-05,1.64724811409e-05,1.70226450879e-05,1.75710587747e-05,1.81169792461e-05,1.86597227213e-05,1.91986684385e-05,1.97332616267e-05,2.02630156555e-05,2.07875133711e-05,2.13064077301e-05,2.18194217734e-05,2.23263479846e-05,2.28270471645e-05,2.33214468737e-05,2.38095395559e-05,2.42913803645e-05,2.47670848757e-05,2.52368266142e-05,2.57008346504e-05,2.61593911526e-05,2.66128290662e-05,2.70615299381e-05,2.75059219394e-05,2.79464781025e-05,2.83837148965e-05
860.0,2.14086917686e-06,2.33788804529e-06,2.54834542852e-06,2.77262189783e-06,3.01104776953e-06,3.26389632189e-06,3.53137723986e-06,3.81363042344e-06,4.11072031062e-06,4.42263085194e-06,4.74926128228e-06,5.0904228121e-06,5.44583635478e-06,5.81513137671e-06,6.19784593838e-06,6.59342796344e-06,7.00123774361e-06,7.420551639e-06,7.85056693577e-06,8.29040773833e-06,8.73913180302e-06,9.19573814079e-06,9.65917524207e-06,1.01283497187e-05,1.06021351958e-05,1.10793812358e-05,1.1558922135e-05,1.20395853843e-05,1.25201996552e-05,1.29996021662e-05,1.34766452878e-05,1.40148402374e-05,1.45563573794e-05,1.50997271829e-05,1.56440339029e-05,1.61883953137e-05,1.67319698536e-05,1.72739629938e-05,1.78136328742e-05,1.83502950557e-05,1.88833264293e-05,1.94121683164e-05,1.99363286995e-05,2.04553837299e-05,2.09689784217e-05,2.14768267857e-05,2.1978711298e-05,2.24744818825e-05,2.29640544518e-05,2.34474091327e-05,2.39245881876e-05,2.43956937568e-05,2.4860885511e-05,2.53203782236e-05,2.57744393876e-05,2.62233869373e-05,2.66675870459e-05,2.71074521364e-05,2.75434391645e-05,2.79760480552e-05
870.0,2.09375314864e-06,2.28661041755e-06,2.4926539835e-06,2.71226263393e-06,2.94576655183e-06,3.1934406574e-06,3.45549815809e-06,3.73208443735e-06,4.02327143378e-06,4.32905263762e-06,4.64933885632e-06,4.98395485983e-06,5.3326370277e-06,5.69503208904e-06,6.07069701049e-06,6.45910008903e-06,6.85962324703e-06,7.27156550836e-06,7.69414760318e-06,8.12651760624e-06,8.56775750858e-06,9.01689056134e-06,9.47288924633e-06,9.93468368747e-06,1.04011703268e-05,1.08712206592e-05,1.13436898672e-05,1.18174251576e-05,1.22912736517e-05,1.27640896926e-05,1.32347414221e-05,1.3765747128e-05,1.43001942771e-05,1.48366343621e-05,1.53741604027e-05,1.59118970707e-05,1.64490078331e-05,1.69847013583e-05,1.75182371825e-05,1.80489305205e-05,1.85761562839e-05,1.90993522664e-05,1.96180214726e-05,2.01317337524e-05,2.0640126629e-05,2.11429055007e-05,2.16398432867e-05,2.21307794628e-05,2.26156187482e-05,2.30943293947e-05,2.35669412072e-05,2.40335433634e-05,2.44942820943e-05,2.49493583397e-05,2.53990253829e-05,2.58435865957e-05,2.628339325e-05,2.67188425145e-05,2.71503757258e-05,2.75784768043e-05
880.0,2.04817636449e-06,2.23700254158e-06,2.43876973855e-06,2.65385484017e-06,2.88258771437e-06,3.12524467601e-06,3.38204214014e-06,3.65313059407e-06,3.9385890307e-06,4.23841997493e-06,4.55254524046e-06,4.88080253939e-06,5.2229430581e-06,5.57863008618e-06,5.9474387709e-06,6.32885703467e-06,6.72228767599e-06,7.12705162643e-06,7.54239231696e-06,7.96748107154e-06,8.40142342063e-06,8.84326619853e-06,9.29200526666e-06,9.74659369762e-06,1.02059502381e-05,1.06689678585e-05,1.11345222288e-05,1.1601479925e-05,1.20687062287e-05,1.2535072362e-05,1.29994620473e-05,1.35234258038e-05,1.40509453031e-05,1.45805927832e-05,1.5111470107e-05,1.56427089874e-05,1.61734781214e-05,1.6702989605e-05,1.7230504641e-05,1.7755338419e-05,1.82768642132e-05,1.87945166366e-05,1.93077941186e-05,1.98162606031e-05,2.03195465081e-05,2.0817349068e-05,2.13094320372e-05,2.17956248879e-05,2.22758215701e-05,2.27499788896e-05,2.32181146208e-05,2.3680305394e-05,2.41366844449e-05,2.4587439312e-05,2.50328095142e-05,2.54730842888e-05,2.59086004595e-05,2.63397403832e-05,2.67669302945e-05,2.71906385733e-05
890.0,2.00407246576e-06,2.18899265684e-06,2.38661528315e-06,2.59731521954e-06,2.82142185121e-06,3.05921265606e-06,3.31090696309e-06,3.57666000551e-06,3.85655741094e-06,4.15061025669e-06,4.45875082753e-06,4.78082919209e-06,5.11661071073e-06,5.465774567e-06,5.82791339003e-06,6.20253401416e-06,6.58905938747e-06,6.98683162268e-06,7.39511613523e-06,7.81310679852e-06,8.23993201288e-06,8.67466155613e-06,9.11631407433e-06,9.56386503855e-06,1.00162550011e-05,1.0472397959e-05,1.09311896753e-05,1.13915157554e-05,1.18522593509e-05,1.23123083223e-05,1.27705617719e-05,1.32876267081e-05,1.38083569167e-05,1.43313450962e-05,1.48557020262e-05,1.53805665903e-05,1.59051128907e-05,1.64285566702e-05,1.69501610641e-05,1.74692415308e-05,1.79851700201e-05,1.84973783237e-05,1.90053606502e-05,1.95086754175e-05,2.00069463477e-05,2.04998628866e-05,2.09871800503e-05,2.14687177039e-05,2.19443594414e-05,2.24140510333e-05,2.28777986479e-05,2.33356667753e-05,2.37877760711e-05,2.42343010919e-05,2.46754679863e-05,2.51115523049e-05,2.55428768487e-05,2.5969809641e-05,2.639276219e-05,2.6812187863e-05
900.0,1.96137863349e-06,2.14251281895e-06,2.33611731076e-06,2.54256487641e-06,2.76218426276e-06,2.99525389704e-06,3.24199574662e-06,3.50256945214e-06,3.77706687922e-06,4.06550720346e-06,4.36783267115e-06,4.68390514814e-06,5.01350356722e-06,5.35632236843e-06,5.71197099647e-06,6.07997450784e-06,6.45977530601e-06,6.85073598631e-06,7.25214325487e-06,7.6632128608e-06,8.0830954229e-06,8.51088304671e-06,8.945616581e-06,9.38629336001e-06,9.83187524832e-06,1.02812968362e-05,1.07334735885e-05,1.11873098071e-05,1.16417062196e-05,1.20955670905e-05,1.25478067043e-05,1.30581119401e-05,1.35721873759e-05,1.40886458896e-05,1.46066072404e-05,1.51252176043e-05,1.56436566408e-05,1.61611439507e-05,1.66769448456e-05,1.71903753281e-05,1.77008063285e-05,1.82076671573e-05,1.87104481384e-05,1.92087025371e-05,1.97020477453e-05,2.01901658149e-05,2.0672803412e-05,2.11497711903e-05,2.16209427714e-05,2.20862533019e-05,2.25456977219e-05,2.29993288053e-05,2.34472550126e-05,2.38896383079e-05,2.43266919126e-05,2.4758678065e-05,2.51859059736e-05,2.5608729726e-05,2.6027546585e-05,2.64427953204e-05
910.0,1.92003536359e-06,2.09749865893e-06,2.28720635971e-06,2.48952903899e-06,2.70479466248e-06,2.93328240691e-06,3.1752166185e-06,3.43076102957e-06,3.70001336681e-06,3.98300047352e-06,4.2796740742e-06,4.58990729942e-06,4.91349208206e-06,5.25013750569e-06,5.59946919418e-06,5.96102976856e-06,6.33428041588e-06,6.71860353847e-06,7.11330647245e-06,7.51762618671e-06,7.93073488907e-06,8.3517464129e-06,8.77972324642e-06,9.21368406149e-06,9.65261156166e-06,1.00954604946e-05,1.05411656498e-05,1.09886496889e-05,1.14368306345e-05,1.18846289122e-05,1.23309737941e-05,1.28346545802e-05,1.33422060681e-05,1.38522610196e-05,1.43639482363e-05,1.48764212765e-05,1.53888655175e-05,1.5900504606e-05,1.64106062565e-05,1.6918487279e-05,1.74235178797e-05,1.79251251922e-05,1.84227959972e-05,1.89160787516e-05,1.94045848832e-05,1.98879894161e-05,2.03660310352e-05,2.08385115667e-05,2.13052950495e-05,2.17663063781e-05,2.22215296622e-05,2.26710063122e-05,2.31148330122e-05,2.3553159522e-05,2.39861864742e-05,2.44141632574e-05,2.48373858324e-05,2.5256194789e-05,2.56709735504e-05,2.60821467084e-05
920.0,1.87998625984e-06,2.05388915971e-06,2.23981657447e-06,2.43813680433e-06,2.64917690314e-06,2.87321661085e-06,3.11048240927e-06,3.3611418235e-06,3.62529808791e-06,3.90298530347e-06,4.194164213e-06,4.49871870728e-06,4.81645316785e-06,5.14709074322e-06,5.49027262123e-06,5.84555835815e-06,6.21242727853e-06,6.59028094711e-06,6.97844668148e-06,7.37618204433e-06,7.78268022105e-06,8.19707619004e-06,8.61845353126e-06,9.04585174431e-06,9.47827390337e-06,9.9146944931e-06,1.03540672505e-05,1.07953328699e-05,1.1237426387e-05,1.16792841524e-05,1.21198502217e-05,1.2617038091e-05,1.31181928847e-05,1.36219669794e-05,1.41274982512e-05,1.46339477346e-05,1.51405066601e-05,1.56464028965e-05,1.61509067797e-05,1.66533361762e-05,1.71530608382e-05,1.76495060228e-05,1.81421552859e-05,1.86305526175e-05,1.91143038165e-05,1.95930772374e-05,2.00666039488e-05,2.05346773082e-05,2.0997152146e-05,2.14539434686e-05,2.19050249193e-05,2.2350426946e-05,2.27902347837e-05,2.32245863777e-05,2.36536701722e-05,2.40777230272e-05,2.44970281026e-05,2.49119128368e-05,2.53227472317e-05,2.57299421259e-05
930.0,1.84117784041e-06,2.01162644787e-06,2.19388548246e-06,2.38832090049e-06,2.59525872372e-06,2.81497908108e-06,3.04771036435e-06,3.29362360867e-06,3.55282722013e-06,3.82536217091e-06,4.11119778535e-06,4.41022822987e-06,4.72226981568e-06,5.04705919403e-06,5.38425253536e-06,5.73342572112e-06,6.09407559598e-06,6.46562226391e-06,6.84741240308e-06,7.23872355906e-06,7.63876930666e-06,8.04670520142e-06,8.46163538352e-06,8.88261968098e-06,9.30868108606e-06,9.73881340259e-06,1.01719889514e-05,1.06071661298e-05,1.10432967116e-05,1.14793327322e-05,1.19142328382e-05,1.2405055731e-05,1.28999376507e-05,1.33975503088e-05,1.389704069e-05,1.4397577384e-05,1.48983575944e-05,1.53986135867e-05,1.58976185066e-05,1.63946915153e-05,1.68892021762e-05,1.73805741537e-05,1.78682880865e-05,1.83518838062e-05,1.88309618215e-05,1.93051841617e-05,1.97742746198e-05,2.02380184489e-05,2.06962616029e-05,2.11489095814e-05,2.15959259059e-05,2.20373303998e-05,2.2473197241e-05,2.29036528989e-05,2.33288740031e-05,2.37490852508e-05,2.41645573489e-05,2.45756049757e-05,2.49825850823e-05,2.53858951551e-05
940.0,1.80355935954e-06,1.97065560222e-06,2.14935378704e-06,2.3400174643e-06,2.54297151197e-06,2.75849628735e-06,2.9868218785e-06,3.22812256545e-06,3.48251160862e-06,3.75003648346e-06,4.03067468047e-06,4.32433018441e-06,4.63083073241e-06,4.94992595003e-06,5.28128642409e-06,5.62450378379e-06,5.97909179762e-06,6.34448850435e-06,6.72005934859e-06,7.10510126743e-06,7.49884765123e-06,7.90047408926e-06,8.30910475815e-06,8.72381933537e-06,9.14366027785e-06,9.56764031005e-06,9.99474996763e-06,1.04239650391e-05,1.08542537566e-05,1.12845836049e-05,1.17139276274e-05,1.21985100252e-05,1.26872395765e-05,1.31788070549e-05,1.36723685766e-05,1.41671003501e-05,1.46622056772e-05,1.51569213549e-05,1.56505235466e-05,1.61423329155e-05,1.66317190927e-05,1.71181044121e-05,1.76009668885e-05,1.80798425056e-05,1.85543267982e-05,1.90240757951e-05,1.94888063533e-05,1.9948295954e-05,2.04023820271e-05,2.0850960889e-05,2.12939863027e-05,2.17314678159e-05,2.21634688723e-05,2.2590104834e-05,2.30115408385e-05,2.34279897992e-05,2.38397102958e-05,2.42470046482e-05,2.4650217105e-05,2.50497321757e-05
950.0,1.76708264023e-06,1.93092447429e-06,2.10616517678e-06,2.29316583711e-06,2.49225008742e-06,2.70369836305e-06,2.92774224866e-06,3.16455901891e-06,3.4142664888e-06,3.67691828792e-06,3.95249967848e-06,4.24092402337e-06,4.54203001291e-06,4.85557973176e-06,5.18125765053e-06,5.51867058312e-06,5.86734865042e-06,6.22674724996e-06,6.59625000986e-06,6.97517269373e-06,7.3627679524e-06,7.75823087566e-06,8.16070517243e-06,8.56928989686e-06,8.98304653601e-06,9.40100633776e-06,9.82217769801e-06,1.02455534809e-05,1.06701181024e-05,1.10948542665e-05,1.15187492118e-05,1.19972122528e-05,1.24799067427e-05,1.29655422477e-05,1.34532840198e-05,1.39423159613e-05,1.44318475517e-05,1.49211202843e-05,1.54094134964e-05,1.58960495759e-05,1.63803984475e-05,1.68618813802e-05,1.73399740349e-05,1.78142088485e-05,1.82841766869e-05,1.87495278879e-05,1.92099726973e-05,1.96652811436e-05,2.01152824701e-05,2.05598641435e-05,2.09989704899e-05,2.14326011216e-05,2.18608090994e-05,2.2283698967e-05,2.27014247584e-05,2.31141878915e-05,2.35222352211e-05,2.39258569904e-05,2.4325385142e-05,2.47211915765e-05
960.0,1.7317019208e-06,1.89238352169e-06,2.06426614641e-06,2.24770837301e-06,2.44303249575e-06,2.65051888781e-06,2.87040044293e-06,3.10285719469e-06,3.34801122896e-06,3.60592199848e-06,3.87658216107e-06,4.15991404112e-06,4.45576682385e-06,4.76391456925e-06,5.08405511223e-06,5.41580991713e-06,5.75872490507e-06,6.11227227464e-06,6.47585328228e-06,6.84880196379e-06,7.23038969727e-06,7.61983055451e-06,8.01628728684e-06,8.4188778642e-06,8.82668238049e-06,9.23875021408e-06,9.65410727615e-06,1.00717631941e-05,1.04907183007e-05,1.09099702824e-05,1.13285203863e-05,1.1800981989e-05,1.2277755638e-05,1.27575694253e-05,1.32395977489e-05,1.37230322421e-05,1.42070886741e-05,1.46910133414e-05,1.51740889404e-05,1.56556397708e-05,1.61350362704e-05,1.66116988921e-05,1.70851012166e-05,1.75547723974e-05,1.80202989402e-05,1.84813257833e-05,1.89375568794e-05,1.93887551209e-05,1.9834741875e-05,2.02753960815e-05,2.07106529586e-05,2.11405024913e-05,2.15649876671e-05,2.19842025799e-05,2.2398290429e-05,2.28074415232e-05,2.32118912633e-05,2.36119182047e-05,2.40078422829e-05,2.44000231481e-05
970.0,1.69737371017e-06,1.8549856537e-06,2.02360582923e-06,2.20359026152e-06,2.39525981957e-06,2.59889468562e-06,2.81472888644e-06,3.0429449927e-06,3.2836690918e-06,3.53696614597e-06,3.80283585044e-06,4.08120909296e-06,4.37194512035e-06,4.67482949705e-06,4.98957293061e-06,5.31581101921e-06,5.65310495644e-06,6.00094320173e-06,6.35874410418e-06,6.72585943695e-06,7.10157878805e-06,7.48513470589e-06,7.87570851347e-06,8.27243664286e-06,8.67441738001e-06,9.08071785756e-06,9.49038115269e-06,9.90243335659e-06,1.03158904461e-05,1.07297648693e-05,1.11430716792e-05,1.1609646647e-05,1.20806107018e-05,1.25547101819e-05,1.30311286341e-05,1.35090654728e-05,1.39877428236e-05,1.44664119227e-05,1.49443589671e-05,1.54209103535e-05,1.58954372543e-05,1.63673595406e-05,1.68361489463e-05,1.73013316365e-05,1.77624900141e-05,1.82192639336e-05,1.86713513282e-05,1.91185082732e-05,1.95605485654e-05,1.99973429258e-05,2.04288177638e-05,2.08549537566e-05,2.12757841487e-05,2.16913928559e-05,2.21019125987e-05,2.25075228476e-05,2.29084478966e-05,2.3304954927e-05,2.3697352209e-05,2.40859874646e-05
980.0,1.66405665421e-06,1.81868608714e-06,1.984135845e-06,2.16075936058e-06,2.34887600119e-06,2.54876563599e-06,2.760663261e-06,2.98475377373e-06,3.22116700868e-06,3.46997313965e-06,3.73117855903e-06,4.00472233838e-06,4.29047336926e-06,4.58822827347e-06,4.89771015723e-06,5.21856825821e-06,5.55037853091e-06,5.89264517988e-06,6.24480312424e-06,6.6062213635e-06,6.97620718714e-06,7.35401114215e-06,7.73883264836e-06,8.12982617155e-06,8.52610777978e-06,8.92676198685e-06,9.33084870441e-06,9.73741018035e-06,1.01454777824e-05,1.05540784834e-05,1.09622409534e-05,1.14230410853e-05,1.18883039059e-05,1.2356793742e-05,1.2827703282e-05,1.33002397401e-05,1.37736316886e-05,1.4247135401e-05,1.47200407303e-05,1.51916763411e-05,1.56614143335e-05,1.61286742153e-05,1.65929261367e-05,1.70536935112e-05,1.7510554918e-05,1.79631454059e-05,1.84111571822e-05,1.88543397863e-05,1.92924997491e-05,1.97254998637e-05,2.01532580383e-05,2.05757459508e-05,2.09929873735e-05,2.14050563802e-05,2.18120754829e-05,2.22142136488e-05,2.26116843582e-05,2.30047437148e-05,2.33936886782e-05,2.37788553382e-05
990.0,1.63171141082e-06,1.7834422118e-06,1.94581015299e-06,2.11916604373e-06,2.30382767745e-06,2.50007449875e-06,2.70814231816e-06,2.92821816199e-06,3.16043537226e-06,3.4048690499e-06,3.66153196075e-06,3.93037099704e-06,4.2112642985e-06,4.50401911701e-06,4.80837050007e-06,5.12398085006e-06,5.45044039246e-06,5.78726857738e-06,6.13391639185e-06,6.48976956395e-06,6.85415259855e-06,7.22633356296e-06,7.60552953129e-06,7.99091257071e-06,8.38161614003e-06,8.77674176717e-06,9.17536586583e-06,9.57654655133e-06,9.97933031609e-06,1.03827584372e-05,1.07858730095e-05,1.12410072024e-05,1.17006743743e-05,1.21636565755e-05,1.26291556139e-05,1.309638655e-05,1.35645844454e-05,1.40330107336e-05,1.45009590368e-05,1.49677604602e-05,1.54327882257e-05,1.58954616842e-05,1.63552496324e-05,1.68116729864e-05,1.72643067543e-05,1.77127814414e-05,1.81567838237e-05,1.8596057178e-05,1.90304010559e-05,1.9459670603e-05,1.98837755287e-05,2.03026787861e-05,2.07163949762e-05,2.11249886316e-05,2.15285723418e-05,2.19273048496e-05,2.23213891329e-05,2.27110705294e-05,2.30966349341e-05,2.3478407191e-05